Product ID;Nombre;35.91;estado
682;Carne para bistek estandar (fresco) 1/2 KILO;107.73;0
681;Carne para guisar de primera ( Congelado) 1/2 KG;107.73;0
680;Carne para guisar de primera (fresco) 1/2 KG;113.11;0
679;Carne para desmechar estandar (FRESCO) 1/2 KG;95.16;0
678;Carne para guisar de estandar ( Congelado) 1/2 KG;87.98;0
677;Carne molida estandar (congelado) 1/2 KG;87.98;0
676;Carne molida de primera (fresca) 1/2 KG;113.11;0
675;Carne molida de primera (congelada) 1/2 KG;107.73;0
674;Carne para desmechar de primera (fresca) 1/2 KG;113.11;0
673;Carne para desmechar de primera  (congelado) 1/2 KG;107.73;0
672;Prueba. Borrar;818.69;0
671;tester;0.00;0
647;;0.00;0
646;Dra. Maria Laredo;1.01;0
644;Dra. Jeniree Coronado;718.20;0
643;Dra. Gabriela Escobar;718.20;0
642;Dra. Fabiola Tablante;718.20;0
641;Dra. Patricia Rufino;718.20;0
640;Dra.Mayerlin Diaz;718.20;0
639;Dra. Maria Jose Araca;718.20;0
638;Dra. Lilian Peña;718.20;0
637;Dra. Karilyn Silva;718.20;0
636;Dr. Gisell Duran;718.20;0
635;Dra. Armelid Mora;718.20;0
634;Dr. Aidan Amador;718.20;0
633;Dr. Nestor Camacho;718.20;0
632;Dr. jonathan gonzalez;718.20;0
631;Dr. daniel fagundez;718.20;0
630;Dr. Jose Miguel Duarte;718.20;0
629;Dr. Jose Colina;718.20;0
628;Filet de pangasius sin espinas 1 kilo;198.35;0
627;;0.00;0
626;ZIPYRAN PLUS;69.42;1
625;XERUK;248.39;1
624;WORMIBEST;64.05;1
623;VITA PLUS X60 TAB;632.62;1
622;TRISULPET DR PET;369.88;1
621;TRISULPET;363.89;1
620;TRISAK;165.18;1
619;TALCO CHIMPI DOG 100GRS;119.71;1
618;CHAMPU VIMADOG COSMETICO PELO OSCURO;125.09;1
617;CHAMPU VIMADOG COSMETICO PELO CORTO;125.09;1
616;CHAMPU VIMADOG INSECTICIDA PELO OSCURO;134.06;1
615;CHAMPU VIMADOG INSECTICIDA PELO CLARO;134.06;1
614;CHAMPU VIMADOG CACHORRO;125.09;1
613;CHAMPU VIMADOG CON AMITRAZ;134.06;1
612;SHAMPOO NELEES 450 ML;302.85;1
611;SHAMPOO NELEES 200 ML;193.92;1
610;CHAMPU +KOTAS MEDICADO 400ML;269.92;1
609;CHAMPU FARM REPELENTE;383.03;1
608;CHAMPU FARM MED GARRAPATICIDA;418.94;1
607;CHAMPU FARM DERMATOLOGICO;418.94;1
606;CHAMPU FARM EMBELLECEDOR;378.85;1
605;CHAMPU +KOTAS COSMETICO PARA LARGO;184.34;1
604;CHAMPU +KOTAS COSMETICO PARA CORTO;202.89;1
603;CHAMPU +KOTAS COSMETICO PARA CACHORRO;202.89;1
602;CHAMPU CHIMPI DOG 250ML;143.64;1
601;CHAMPU +KOTAS ANTI PULGAS Y GARRAPATAS;236.41;1
600;CHAMPU KAWU ANTIPARASITARIO 250ML;155.62;1
599;CHAMPU +KOTAS ANTIMICOTICO 400ML;236.41;1
598;SANIDOG CORRECTOR DERMICO 60ML;212.48;1
597;CHAMPU COSMETICO PET CARE 240ML;191.53;1
596;QUIET X10 TAB CALOX;198.69;1
595;PREDNISONA 5MG;109.52;1
594;PRAMECTINA 4TAB;216.05;1
593;POMADA YODURADA 100GRS;283.10;1
592;POMADA ANTIBIOTICA OCULAR;321.99;1
591;POLVO PERUANO;87.98;1
590;PETCIP-D 15ML;68.84;1
589;PEPIDERM;108.32;1
588;PENTAVIVAL SOL. ORAL;281.90;1
587;ANTEC GATO;142.44;1
586;LACTOVISOY GENICA 500GR;109.89;1
585;huevos 1/2 carton;89.79;1
584;ANTIBIOTICO OCULAR Y ÓTICO CIPROFLOXACINO CIPZY 15ML;0.00;0
583;SARDINAS EN ACEITE SAN CIPRIANO 84G;24.78;1
582;GALLETA MARIA PUIG SELEC 250G;53.88;1
581;VEGETALES MIXTOS AREL 400GR;82.60;1
580;TOMATE PELADO ADDAS 500G;96.24;1
579;TOALLIN DON TOALLIN MULT 50H;0.00;0
578;SERVILLETAS STYLO 150P;41.29;1
577;SERVILLETA ZZ PEQ DISP 160 HOJAS;30.56;1
576;SALSA TOMATE OLE TRADICIONAL 340G;49.20;1
575;SALSA SOYA MC CORMICK 150ML;66.08;1
574;SALSA SOYA COMA 300ML;28.72;1
573;SALSA SOYA COMA 150ML;21.18;1
572;SALSA PRIMAVERA NATURALIST 500G;82.60;1
571;SALSA PARA PASTA BOLOGNESA HEINZ 495G;135.67;1
570;SALSA OSOLE VODKA 340G;51.71;1
569;SALSA OSOLE PUTANESCA 340G;51.71;1
568;SALSA OSOLE PIZZA 340G;49.04;1
567;SALSA OSOLE NAPOLI 340;48.01;1
566;SALSA OSOLE MEDITERRÁNEA 340G;51.71;1
565;SALSA OSOLE ALBAHACA 340;47.40;1
564;SALSA OSOLE ACEITUNA 340GR;0.00;0
563;SALSA NAPOLI CAPRI 490G;110.25;1
562;SALSA INGLESA MC CORMICK 150ML;65.35;1
561;SALSA INGLESA COMA 300ML;31.96;1
560;SALSA INGLESA COMA 150ML;24.42;1
559;SALSA DE AJO OLYMPIA 300 ML;0.00;0
558;SALSA DE AJO COMA 300GR;28.01;1
557;SALSA DE AJO COMA 150ML;0.00;0
556;SALSA BBQ MC CORMICK 230 ML;111.68;1
555;SALMON AHUMADO ROBINSON 170 GR;161.61;1
554;RENATA MEZCLA LIMAO 400G;58.53;1
553;RENATA MEZCLA LARANJA 400G;58.53;1
552;RENATA MEZCLA COCO 400G;58.53;1
551;RENATA MEZCLA CHOCOLATE 400G;56.74;1
550;RENATA MEZCLA BROWNIE 400GR;58.53;1
549;RENATA MEZCLA BRIGADEIRO 400G;58.53;1
548;PURE DE TOMATE HEINZ 490G;137.53;1
547;PAÑALES JUNIOR PERFECT TALLA XL 7 UNIDADES;211.51;1
546;PAÑALES MINI PERFECT TALLA M 10 UNIDADES;211.51;1
545;PAÑALES LANDA  11-25 KILO 8 UNIDADES;79.36;1
544;PAÑALES LANDA  4-9 KILO 9 UNIDADES;79.36;1
543;PAÑALES ECOSOFT XL 10 UNIDADES;147.23;1
542;PASSATA SINDONI 480 GR;115.27;1
541;PAPEL ALUMINIO ALNAFOL 6.7M;59.36;1
540;OREO FRESA TUBO 108GR;36.99;1
539;OREO CHOCOLATE TUBO 108GR;34.48;1
538;MAIZ PARA COTUFA PANTERA 500G;44.57;1
537;Salsa barbecue 1.01 kg;0.00;0
536;Salsa Barbacue 400 g San Cipriano;106.65;1
535;Mostaza 370 g San Cipriano;103.43;1
534;Mayonesa 750 g San Cipriano;184.93;1
533;Ketchup 400 g San Cipriano;90.14;1
532;Aceite de oliva 500 ml San cipriano;412.60;1
531;Aceite de oliva 250 ml San Cipriano;233.43;1
530;LECHE COMPLETA SAN CIPRIANO 900GR;334.68;1
529;LECHE COMPLETA SAN CIPRIANO 400GR;173.44;1
528;LECHE COMPLETA SAN CIPRIANO 200GR;95.16;1
527;ACEITE DE SOYA SAN CIPRIANO 1 LITRO;113.47;1
526;CARAOTAS NEGRAS SAN CIPRIANO 500GR;34.83;1
525;LENTEJAS SAN CIPRIANO 500GR;43.45;1
524;PREDNISONA 50MG;154.42;1
523;TOMATE 1/2 KG;81.87;1
522;OTREK;199.30;1
521;pork belly  bandeja de 1/2 kg;104.86;1
520;Veterinario;0.00;0
519;Pagar el dia de la Cita;0.00;0
518;ATUN ROBIN HOOD 175G;0.00;0
517;TOCINO 1/2 KG;105.13;1
516;SIGMA OTISIG 10 ML;152.61;1
515;OMEPRAZOL 20MG CALOX;169.97;1
514;OFLIMED 15ML;311.21;1
513;CHULETON DE PALETA 1/2 KG;98.76;1
512;NIMESULIDE 10 TAB;104.75;1
511;MIRRAPEL 236 ML;1.07;1
510;Dr. Prueba;0.00;0
509;test;0.00;0
508;meidco;0.00;0
507;LIC. CHRISTOPHER TELLERIA;0.00;0
506;DRA. VANESSA PIFANO;718.20;0
505;DRA. NORMELIS SILVA;718.20;0
504;DRA. NOHEMI MELENDEZ;718.20;0
503;METADOL DR PET;398.60;1
502;MELOVET PLUS;59.84;1
501;DRA. MAGALYS GUZMAN;718.20;1
500;DRA. GERALDINE MENDOZA;718.20;1
499;DR. SAUL VIEIRA;718.20;1
498;DR. ROGER MARTINEZ;718.20;1
497;DR. MANUEL MONTANA;718.20;1
496;DR. LUIS GUERRA;718.20;1
495;DR.  KERWING TORO;718.20;1
494;DR. JESUS VERA;718.20;1
493;DRA. FLORINDA DUQUE;718.20;1
492;DR. CHAMBERLAIN CHERUBINI;718.20;1
491;DR. ALEXANDER CARRERO;718.20;1
490;DR. CARLOS TOVAR;718.20;1
489;MATAGUSANO EQ335;480.59;1
488;LORATADINA 10MG 10 TAB;134.06;1
487;LIZOVET GEL INMUNO 60ML;564.39;1
486;LISODEX SOL ANTISEPTICA 120ML;433.90;1
485;Dr Abelardo J. Bachour D.;718.20;1
484;LISOCAN RAZA GRANDES;511.71;1
483;LISOCAN RAZA MEDIANAS;380.05;1
482;LISOCAN CACHORRO;314.22;1
481;CHAMPU LINVET 200ML;208.88;1
480;LAVESANA POMADA 100GR;645.18;1
479;pulpa de cochino 1/2 kg.;120.30;1
478;LAVESANA POMADA 15GR;295.66;1
477;LAVEFORTE 120ML;349.52;1
476;KURADERM PLATA;542.83;1
475;KEXA 10CM;138.85;1
474;KETOPROFENO CALOX;132.86;1
473;JABON KAWU ECTOPARASITICIDA;79.59;1
472;IODISOL;126.87;1
471;HEPATOPROTECTOR 500ML;1.71;1
470;BAÑO INSECTICIDA GEVETCA 50 ML;177.76;1
469;CHAMPU GENICZIME 250ML;377.65;1
468;CHAMPU GENICZIME 400ML;471.62;1
467;GEL MENTOLADO DEQUINO CON ARNICA 480GR;224.43;1
466;GEL MENTOLADO DEQUINO 480GRS;224.43;1
465;VIMOFARM GASTRINE 50ML;2.14;1
464;FUNGAL TOPICO 50ML;408.77;1
463;FUNGAL ORAL 25 ML;248.97;1
462;FRONTLINE GATO;559.60;1
461;DR PET FLOXSIL SUSPENSIÓN 50 ML;207.08;1
460;FLOXACOL;257.36;1
459;FIPROLAV SPRAY 250 ML;621.84;1
458;FIPROLAV SPRAY 100 ML;419.55;1
457;ENROKUM;138.85;1
456;ENDOLAV PLUS;236.41;1
455;OTI DR PET- 4;208.88;1
454;DOXIKUM 10%;558.99;1
453;DOLOXICAM DR PET;187.93;1
452;DOXICICLINA CALOX;253.77;1
451;Pescado Carite en rueda 1Kg;0.00;0
450;Pescado Pargo entero 1Kg;0.00;0
449;DOG TAB CACHORRO;349.52;1
448;DOG TAB PLUS GRANDE;207.08;1
447;DOG TAB PLUS;103.55;1
446;CREMA CICATRIZANTE DE CALOX 50;568.57;1
445;CONVICAN;480.59;1
444;Jamon Endiablado Plumrose 110gr;59.61;1
443;Jamon Endiablado Plumrose 60gr;43.02;1
442;Crema de Arroz Santoni 400gr;0.00;0
441;Crema De Arroz Primor Pote 900gr;0.00;0
440;Crema De Arroz Primor Pote 450gr;0.00;0
439;COLONIA PET CARE 240ML;262.74;1
438;Compota Natulac 186gr;37.70;1
437;Caraotas Blancas Venela  500gr;0.00;0
436;Caraotas Negras Alvarigua 500gr;0.00;0
435;Aceite Vegetal Ideal 400ml;0.00;0
434;MAIZ PARA COTUFA GABI 500 GR;47.17;1
433;MAIZ ENTERO KALDINI 400 GR;52.18;1
432;MAIZ DULCE TIGO 300 GR;60.33;1
431;MAIZ DULCE NUDELI 200 GR;0.00;0
430;LECHE COMPLETA LLANO ALEGRE 1 KILO;202.89;1
429;LECHE CONDENSADA NATULAC 397GR;86.19;1
428;LECHE CONDENSADA NATULAC 100ML;29.08;1
427;LECHE CONDENSADA CAMPESTRE 395;89.41;1
426;LAVAPLATOS MULTIUSO LIQUIDO NARANJA EL TITAN 500ML;0.00;0
425;LAVAPLATO CREMA EL TITAN 500GR;66.08;1
424;LAVAPLATO CREMA EL TITAN 250GR;37.70;1
423;DETERGENTE LIQUIDO CON SUAVISANTE ULTRASAT 946 ML;0.00;0
422;HORTALIZAS OSOLE 300GR;49.92;1
421;GUISANTES OSOLE 300GR;43.10;1
420;GUISANTES KALDINI 400G;51.71;1
419;GUISANTES AREL 400GR;75.77;1
418;GELATINA QUALIMAX UVA 20GR;15.08;1
417;GELATINA QUALIMAX PINA 20GR;15.08;1
416;GELATINA QUALIMAX FRAMBUESA 20GR;15.08;1
415;GALLETA SODA PUIG 240G;56.74;1
414;GALLETA MARIA PUIG SELEC 250;53.88;1
413;GALLETA BELVITA KRAKER 252G;80.44;1
412;GALLETA BELVITA HONY 252GR;80.44;1
411;FIDEOS KALDINI VEGETAL 70 GR;20.83;1
410;FIDEOS KALDINI CARNE 70 GR;20.83;1
409;ESPONJA MAX HOGAR MALLITA;31.96;1
408;ESENCIA EL AGUILA COLITA 230ML;78.29;1
407;ESENCIA DE NATA EL AGUILA 250ML;70.03;1
406;ESENCIA DE FRESA EL AGUILA 230ML;78.65;1
405;DETERGENTE EL TITAN LIMON 900GR;56.74;1
404;DETERGENTE EL TITAN LAVADO AUTOMATICO 1 KILO;60.33;1
403;DETERGENTE  ABC LIMON 400GR;73.61;1
402;CLORO KINS 1 LITRO;27.65;1
401;CLORO LA PERLA 1 LITRO;0.00;0
400;CLORO SATELITE ULTRA 500 GR;0.00;0
399;CHOCO TONI SANTONI 400 GR;90.59;1
398;CHOCO RICO SAN SIMON 400 GR;92.26;1
397;CHOCOLATE EN POLVO TERRY 400 GR;99.83;1
396;CHOCO COOL 400 GR;109.79;1
395;CHICHA INSTANTÁNEA TONI 400 GR;0.00;0
394;LUMALAC LIFETEA 500 GR;103.06;1
393;CHICHA CON LECHE SAN SIMON 500 GR;107.70;1
392;CHICHA CAMPESTRE 400 GR;90.59;1
391;CHICHA CAMPESTRE 200 GR;54.94;1
390;SHAMPOO UNO MANZANILLA 300ML;80.79;1
389;SHAMPOO UNO MENTA 300ML;80.79;1
388;SHAMPOO UNO OLIVA 300ML;0.00;0
387;SHAMPOO UNO COCO 300ML;0.00;0
386;CEREAL AZUCARADA 240G;89.13;1
385;AZUCAR DON GENARO 1 KILO;45.92;1
384;ARROZ MARY DORADO 800 GR;44.67;1
383;VINAGRE OLYMPIA 1L;51.71;1
382;VINAGRE HEINZ BLANCO 500ML;40.58;1
381;VINAGRE EUREKA 500ML;32.67;1
380;VINAGRE EUREKA 1000ML;60.33;1
379;VINAGRE ENVAPRIMOLCA 500ML;22.37;1
378;VINAGRE ENVAPRIMOLCA 1L;32.69;1
377;VINAGRE CAP GROUP 500M;24.06;1
376;VINAGRE CAP GROUP 250M;19.75;1
375;VINAGRE CAP GROUP 1L;35.91;1
374;TOALLAS HUMEDA MOMI ALOE 72 UND;43.10;1
373;TOALLAS HUMEDA MOMI 50 UND;26.94;1
372;SALSA TOMATE KETCHUP EUREKA 397G;40.44;1
371;SALSA TOMATE KETCHUP DON ANTONIO 397GR;45.08;1
370;SALSA TOMATE KETCHUP COMA PLAST 4KG;386.13;1
369;SALSA TOMATE  KETCHUP COLMENA 397G;55.52;1
368;SALSA ROSADA FRITZ 260G;69.71;1
367;SALSA AHUMADITA FRITZ 240GR;86.19;1
366;PASTA TOMATE COMA 4K VID;0.00;0
365;PASTA HORIZONTE TORNIL 1K EE;52.18;1
364;PASTA CAPRI E E LARGA 1;47.84;1
363;PAPEL ROSAL PLUS 215H VER P;44.88;1
362;MOSTAZA COMA 1K;110.25;1
361;MAYONESA TIGO 500GR;114.79;1
360;MAYONESA MISERICORDIA 445GR;93.93;1
359;MAYONESA MISERICORDIA 175G;48.83;1
358;MAYONESA MAVESA ADER 3.6KG;0.00;0
357;MAYONESA KALDINI 445GR;101.02;1
356;MAYONESA 100 X100TO 175G;45.08;1
355;MARGA LA MISERICORDIA 454GR;0.00;0
354;MARGA LA MISERICORDIA 227GR;0.00;0
353;MANTEQ LA DELICIA 500GR;60.94;1
352;MANTEQ LA DELICIA 250GR;30.48;1
351;MANTECA MISERICORDIA 400GR;75.77;1
350;MAIZINA AMERICANA 120G;44.53;1
349;LENTEJA GABI 400GR;39.50;1
348;LECHE POLVO SAN SIMON 900GR;305.98;1
347;LECHE POLVO LUMALAC 1 KILO;292.51;1
346;LECHE LIQ COMP SAN SIMON 1L;62.13;1
345;JABON REXONA ANTIBAC AVENA 3X1;103.43;1
344;JABON DOVE ORIGINAL 90GR;0.00;0
343;HARINA TRIGO MARY T USO 900G;46.46;1
342;Diablitos Under Wood 50G;45.60;1
341;Diablitos Under Wood 100 Gr;82.60;1
340;DESINF TITAN PINO 1L;41.29;1
339;DESINF TITAN FRESA 1L;41.29;1
338;DESINF TITAN FLORAL 1L;41.29;1
337;DESINF MISTOLIN AROMATIZANTE NARANJA;56.78;1
336;DESINF MISTOLIN AIR NAV PIN ES;56.78;1
335;CREMA LECHE KALDINI 170G;0.00;0
334;CREMA LECHE DI FIORE 170G;36.99;1
333;COLADO OSOLE PERA 100G;20.04;1
332;COLADO OSOLE MANZANA 100;20.04;1
331;COLADO OSOLE FRU MIX 100GR;20.04;1
330;COLADO OSOLE DURAZNO 100GR;20.04;1
329;COLADO OSOLE CIRUELA 100GR;20.04;1
328;COLADO NATULAC PERA 186G;38.41;1
327;COLADO NATULAC PERA 113G;32.98;1
326;COLADO NATULAC MANZANA 186G;38.41;1
325;COLADO NATULAC MANZANA 113G;32.98;1
324;COLADO NATULAC DURAZNO 113G;32.98;1
323;COLADO HEINZ PERA 113G;36.32;1
322;CEREAL ROCKET CH 220G;86.82;1
321;CEREAL ROCKET CH 120G;48.01;1
320;CEREAL POP CRONCH CHOCOLATE 240G;90.59;1
319;CEREAL ABCI-TOO´S MAIZORITOS 240G;85.16;1
318;CEREAL PLANET FRUIT 240 G;69.71;1
317;CARAOTA NEG VENELA 400G;36.88;1
316;CARAOTA NEG VENELA 1 KILO;78.48;1
315;CARAOTA BLAN PANTERA 454G;52.18;1
314;CAFE VERO CAFFE 200 GOUR;103.43;1
313;CAFE SAN ANTONIO 200G GOURM;91.84;1
312;CAFE LA PROTECTORA 250G;83.48;1
311;CAFE LA PROTECTORA 100G;33.39;1
310;CAFE JP 200G;65.54;1
309;CAFE FLOR D ARAUCA 500G;146.11;1
308;CAFE FLOR D ARAUCA 200G;60.69;1
307;CAFE FAVORITO 50GR;15.08;1
306;CAFE FAVORITO 200GR;58.53;1
305;CAFE FAVORITO 100G;29.08;1
304;CAFE DELLA NONNA 200GR;63.56;1
303;CAFE DELLA NONNA 100GR;37.34;1
302;AZUCAR 100 X 100 900GR;45.92;1
301;AVENA VENELA 400GR;33.39;1
300;AVENA MI CHACHA 800GR;74.71;1
299;ATUN EVEBA ACEIT VEG 170GR;85.16;1
298;ATUN EVEBA ACEIT VEG 140GR;63.56;1
297;ATUN DIPLOMATICO TOMATE 170GR;31.30;1
296;ATUN 170G WILLINGER ACEITE;48.01;1
295;ATUN 170G WILLIENGER AGUA;48.01;1
294;ATUN 142G WILLINGER ACEITE;41.29;1
293;ARVEJA VERDE CHACHA 400;32.98;1
292;ARVEJA VERDE CHACHA 1K;79.31;1
291;ARVEJA VERD VENELA 500;39.66;1
290;ARVEJA VERD PANTERA 900;73.89;1
289;ARROZ VENELA 900GR;40.44;1
288;ARROZ SANTONI ZAFI 800;40.90;1
287;ARROZ SANTONI PREM 900G;40.90;1
286;ARROZ SANTONI EXCEL 1K;43.81;1
285;ARROZ PRIMOR CLASICO 1K;45.72;1
284;ARROZ MARY ESMERA 900G;51.34;1
283;ARROZ GRAN MARQUES 1K PR;42.58;1
282;ACEITE SOYA 900ML;76.40;1
281;ACEITE SALAD ESP 900ML;75.14;1
280;ACEITE PORTUMESA 700ML;65.95;1
279;ACEITE OLIVA KALDINI VID 1L;598.98;1
278;ACEITE OLIVA GALLO 500ML;371.67;1
277;ACEITE ALMA 800ML;75.77;1
276;Salsa Tartara Fritz 240 Gr.;97.27;1
275;Salsa De Tomate Coma 397 Gr.;0.00;0
274;Salsa De Tomate Kampist 397 Gr.;0.00;0
273;Salsa De Tomate Fergos 397 Gr.;48.83;1
272;Salsa De Tomate Fergos 198 Gr.;37.34;1
271;Salsa Aji Picante Fritz 250 Gr.;71.82;1
270;Sal Refinada Bahia 1 Kg.;15.70;1
269;Sal Refinada Delmar 1 Kg;12.57;1
268;Pepitona Margarita Picante 140 Gr.;76.24;1
267;Pasta Para Pasticho Lasagna Galo 200 Gr.;45.72;1
266;Pasta Larga Primor 500 Gr.;0.00;0
265;Pasta Corta Primor 1 Kg.;82.24;1
264;Pasta Corta Primor 500 Gr.;0.00;0
263;Pasta Allegri Espiral 1 KG;0.00;0
262;Mayonesa Mavesa 445 Gr.;122.17;1
261;Maizina Americana 400 Gr.;96.72;1
260;Lentejas Pantera 454 Gr.;54.97;1
259;Leche En Polvo Dobon 400 Gr.;0.00;0
258;Jabon Las Llaves Fragancia Bebe 160 Gr.;42.75;1
257;Jabon Azul Las Llaves 200 Gr.;42.16;1
256;Jabon Azul Las Llaves 250 Gr.;45.60;1
255;Guisantes En Vidro ole 190 Gr;0.00;0
254;Guisantes En Lata Pafia 400 Gr.;0.00;0
253;Esponjas Doble Uso 868;15.31;1
252;Desifectante Nivex Surtido 1 Lt;0.00;0
251;Desifectante Mistolin 828 Ml.;56.78;1
250;Crema Arroz Primor Bolsa 450 Gr.;0.00;0
249;Crema Dental Colgate Menta 75 Ml;72.18;1
248;Crema Dental Colgate Menta 100 Ml;74.06;1
247;Crema Dental Colgate Kids 50 Ml;40.64;1
246;Cloro Tapa Amarilla 1 Lt;32.69;1
245;Cloro Nevex  ultra 1 Lt;0.00;0
244;Cloro Nevex 1 Lt;0.00;0
243;Cloro King 1 Lt;0.00;0
242;Cafe molido Montaña 200 Gr.;65.71;1
241;Cafe molido Montaña 100 Gr.;33.04;1
240;Toddy 2kg.;0.00;0
239;Toddy de bolsa 1kg;417.44;1
238;Toddy 400gr;199.60;1
237;Toddy 200gr;113.18;1
236;Rikesa Tocineta 300gr;0.00;0
235;Rikesa Cheedar 200gr;116.05;1
234;Dalvito 300gr;170.59;1
233;Dalvito 200gr;104.36;1
232;Sardina Tomate Marbonita 170 Gr.;18.07;1
231;Pasta de Tomate COMA 3.850kg;567.73;1
230;Pasta de Tomate COMA 500gr;155.13;1
229;Pasta de Tomate COMA 200gr;42.87;1
228;Pasticho Sindoni 250gr;0.00;0
227;Pasticho Ronco 250gr;50.99;1
226;Refresco Glup 1L;0.00;0
225;Refresco Glup 2L;0.00;0
224;Refresco  Pepsi 1.5L;0.00;0
223;Refresco Pepsi 2L;0.00;0
222;Refresco Coca Cola 2L;0.00;0
221;Gatorade 500ml;0.00;0
220;Refresco Coca Cola 1L;0.00;0
219;Sardina Picante Margarita 170 Gr.;0.00;0
218;Refresco Coca Cola 1.5L;0.00;0
217;Margarina La Excelencia 15kg;0.00;0
216;TEA 327 COLLAR PERRO MEDIANO;536.25;1
215;Margarina Chef Sin Sal;0.00;0
214;Margarina Deline 250gr;39.41;1
213;Margarina Deline 500gr;78.81;1
212;Mayonesa Fergos 445gr;104.96;1
211;Mayonesa Fergos 175gr;53.50;1
210;Mayonesa Kraft 445gr;125.23;1
209;Mayonesa Mavesa 3.6kg;0.00;0
208;Salsa Tocineta Fritz 240 Gr.;0.00;0
207;Maizina Americana 800gr;165.18;1
206;Maizina Americana 200gr;53.80;1
205;Maizina Americana 90gr;26.39;1
204;Leche Liquida Completa La Pastoreña 1L;63.66;1
203;Leche Liquida Descremada La Pastoreña 1L;63.66;1
202;Leche Liquida Completa Purisima 1L;59.25;1
201;Leche Liquida Descremada Purisima 1L;0.00;0
200;TEA 327 COLLAR PERRO GRANDE;614.06;1
199;Leche En Polvo Completa Dobon 400gr.;98.95;1
198;TEA 327 COLLAR CACHORRO;481.79;1
197;Leche En Polvo Completa Do Bon 200gr;51.62;1
196;Leche En Polvo Completa Do Bon 120gr;64.52;1
195;Leche En Polvo Semidescremada La Campiña 900gr;0.00;0
194;Leche En Polvo La Campiña 900gr;371.67;1
193;COLIRIO ANTIBIOTICO 10ML;272.91;1
192;Leche En Polvo Completa La Campestre 500gr;200.96;1
191;COLAMOXIL DR PET;335.17;1
190;Leche En Polvo Completa La Campestre900gr;340.69;1
189;CIPZY;47.89;1
188;Lentejas Pantera 900gr;104.36;1
187;Lentejas Pantera 500gr;0.00;0
186;Lentejas Venela  500gr;44.25;1
185;Diablitos Under Wood 115gr;86.19;1
184;Diablitos Under Wood 54gr;46.32;1
183;CIPROFLOXACINA 250G;216.66;1
182;Bulto de Arroz Mary;0.00;0
181;Pasta Vermicelli Mary 1Kg;0.00;0
180;Pasta Vermicelli Horizonte 1Kg;0.00;0
179;Pasta Vermicelli Allegri 1Kg;51.27;1
178;CAT TAB PLUS;77.20;1
177;Pasta Mary Plumitas 1Kg;0.00;0
176;Pasta Allegri Codos 1Kg;0.00;0
175;Crema de Arroz Polly 450gr;0.00;0
174;Crema de Arroz Mary 450gr;33.55;1
173;Crema de Arroz Agua Blanca 450gr;31.96;1
172;Nestle Cerelac Sachet 900gr;0.00;0
171;Nestle Cerelac Sachet 400gr;0.00;0
170;AGRO HERMES CARPROFENO 50MG;299.26;1
169;Nestle Cerelac 100gr;55.14;1
168;Cafe molido Fama de America 500gr;123.20;1
167;Cafe molido Fama de America 250gr;97.27;1
166;Cafe molido Fama de America 200gr;56.99;1
165;Cafe molido Fama de America 100gr;30.89;1
164;Cafe molido Madrid 500gr;139.03;1
163;Cafe molido Madrid 250gr;70.00;1
162;BUCOMORGYL;426.74;1
161;Cafe molido Madrid 100gr;27.41;1
160;Cafe molido Flor de Arauca 250gr;0.00;0
159;Cafe molido Arauca 200gr;63.87;1
158;Cafe molido Arauca 100gr.;59.25;1
157;BRAVECTO PLUS GATO 6,25-12,5KG;1.99;1
156;Cafe molido Amanecer 500gr;163.12;1
155;Cafe molido Amanecer 200gr;63.49;1
154;BRAVECTO PLUS GATO 1,2-2,8KG;1.53;1
153;Cafe molido Amanecer 100gr;32.96;1
152;Cafe molido Brasil 500gr;0.00;0
151;BISAK;155.01;1
150;Cafe molido Brasil 200gr;73.98;1
149;B-COMPLEX ORAL;108.32;1
148;Cafe molido Brasil 100gr;0.00;0
147;Caraotas Negras Pantera  900gr;88.10;1
146;Caraotas Negras Pantera 454gr;46.37;1
145;BASKEN SUSPENSIÓN;380.64;1
144;Caraotas Rojas Venela 500gr;0.00;0
143;Caraotas Negras Venela 500gr;40.07;1
142;BASKEN CACHORRO SUSPENSION;380.64;1
141;Azucar Refinada La Pastora 1Kg;0.00;0
140;Azucar Refinada Montalban 1Kg;50.09;1
139;Atun The King Of The Seas 170gr;52.91;1
138;BASKEN PLUS GATO;194.51;1
137;Atun Margarita en Aceite 140gr;0.00;0
136;BASKEN PLUS PERRO CHICO;233.43;1
135;Arroz Mary Premium 1Kg;55.92;1
134;Arroz Mary Superior 1Kg;44.57;1
133;Avena en Hojuelas QUAKER 200gr;0.00;0
132;Avena en Hojuelas Pantera 800gr;76.40;1
131;Avena en Hojuelas Pantera 400gr;39.41;1
130;Avena en Hojuelas Don Pancho 400gr;37.86;1
129;Aceitunas Enteras Verdes Casa De Fruta 240gr;0.00;0
128;Aceitunas Casa De Fruta Rellenas 180gr;0.00;0
127;Aceite de Soya Vatel 500ml;75.41;1
126;Aceite de Soya Vatel 1L;102.55;1
125;BASKEN DOBLE 20;53.68;1
124;Aceite de Soya Corcovado 900ml;0.00;0
123;Aceite de Soya Coamo  900ml;81.56;1
122;Aceite de Maiz  MAZEITE 1L;137.31;1
121;Harina de Trigo Ronco Leudante 1Kg;53.88;1
120;Harina de Trigo Ronco Todo Uso 1Kg;0.00;0
119;Harina de Trigo Doña Maria 1Kg;61.04;1
118;Harina de Trigo Dulce Mar Todo Uso 1Kg;0.00;0
117;Harina de Trigo Dulce Mar Leudante 1Kg;53.27;1
116;Harina de Maiz Blanca Kaly 1Kg;28.39;1
115;Harina de Maiz Blanca Juana 1Kg;30.87;1
114;harina de maiz blanca pan 1kg;38.41;1
113;BASKEN 4 ACTIVE PERRO GRANDE;435.10;1
112;BASKEN 4 ACTIVE PERRO MEDIANO;388.43;1
111;BASKEN 4 ACTIVE PERRO CHICO;349.52;1
110;BACTROVET PLATA;614.06;1
109;Combo Quincenal;0.00;0
108;AZITROMICINA 500MG;181.34;1
107;Bulto de Harina de maÃ­z Pan amarilla 1 Kg;0.00;0
106;Crema Dental Colgate Plax;0.00;0
105;Jabon Lux;0.00;0
104;Desodorante Lady Speed Stick;0.00;0
103;Papel Higienico Lucianos Morado;29.26;1
102;Afeitadora Maturbe;0.00;0
101;Toallas Sanitarias Alive;0.00;0
100;Jabon Azul Panela Las Llaves 250g.;0.00;0
99;Cloro Kris 3.8 Lts.;0.00;0
98;Cloro Kris 1 Lts.;35.10;1
97;Lavaplatos Kris;0.00;0
96;JabÃ³n en polvo ACE 1 Kg.;0.00;0
95;Salsa Barbecue BBQ Fritz 290 Gr.;73.05;1
94;Lavaplatos Axion Crema 500 Gr.;154.18;1
93;Atun  Doña Magola 170 Gr.;0.00;0
92;Jabón En Polvo Alive Verde 1 kg.;63.56;1
91;Jabón En Polvo Alive Azul 1 Kg.;72.18;1
90;Jabón En Polvo Alive Verde 500gr.;31.96;1
89;Jabón En Polvo Alive Azul 500gr.;36.27;1
88;Ajax Liquido Multi Superficies 1 Lt.;162.09;1
87;Ajax Liquido Multi Superficies 500 Ml;91.99;1
86;carne Solomo de res 1/2 kg;116.70;1
85;carne Lomito de res 1/2 kg;111.80;1
84;Costilla de res 1/2 kg;62.85;1
83;carne punta trasera 1/2kg;116.70;1
82;Picadillo de Pollo 1kg;0.00;0
81;Pechuga de Pollo con Hueso 1kg;0.00;0
80;Patas de Pollo 1kg;0.00;0
79;Muslo de Pollo  1kg;0.00;0
78;Molleja de Pollo 1kg;0.00;0
77;Pollo Milanesa 1kg;0.00;0
76;Higado de Pollo 1kg;0.00;0
75;Pollo entero (unidad);199.56;1
74;Pollo churrasco;0.00;0
73;Pollo carapacho;0.00;0
72;Lagarto sin hueso;0.00;0
71;Lagarto con hueso;0.00;0
70;Hueso rojo;0.00;0
69;Pernil 1 kg;175.96;1
68;Patas de cochino 1/2 kg;32.32;1
67;Cochino costilla 1/2 kg;73.61;1
66;Chuleton 1kg;0.00;0
65;Chuleta de cochino 1/2 kg;98.76;1
64;Chuleta de res;0.00;0
63;Chuleta ahumada de cochino 1kg;0.00;0
62;Carne para desmechar estandar (congelado) 1/2 KG;87.98;1
61;CARNE MOLIDA ESTANDAR (FRESCA) 1/2 KG;87.98;1
60;CARNE PARA GUISAR ESTANDAR (FRESCO) 1/2 KG;95.16;1
59;Carne para bistek estandar (congelado) 1/2 KILO;0.00;0
58;Salsa ketchup Pampero 198g;44.57;1
57;Salsa ketchup Pampero 397g;68.65;1
56;Salsa ketchup Heinz de 397g;77.25;1
55;Sal Refinada Ensal 1Kg.;0.00;0
54;Sal Refinada Celestial 1 kg.;9.75;1
53;AMOXI DR PET 30 ML;325.59;1
52;AMOBEST;223.23;1
51;AMINOVIVAL SOL. 120ML;338.15;1
50;ALBENDAZOL 200MGR 2TAB;151.41;1
49;ACIFLUX SUS 50ML;597.90;1
48;TALCO BEBE MOMI 200GR;39.00;1
47;Carne molida de primera;0.00;0
46;Carne para guisar de primera;0.00;0
45;Carne para bistek estandar (congelado) 1/2 KILO;98.76;1
44;Azúcar Refinada Maite 900 Gr.;47.08;1
43;SUAVIZANTE PERLA 1L;0.00;0
42;PASTA CAPRI DEDAL 1KG;51.27;1
41;Café molido Amanecer 250 Gr.;111.45;1
40;Aceite Vegetal Vatel 1 Lt.;102.55;1
39;JUGO NATULAC PERA 500ML;51.62;1
38;JUGO NATULAC MANZANA 500ML;51.62;1
37;JABON REXONA ANTIBACTERIAL FRESH 3X1;100.66;1
36;JABON REXONA ANTIBACTERIAL BAMBOO 120;0.00;0
35;JABON PANELA ZAFIRO JUNIOR 100G;8.61;1
34;JABON LUX BOT VAINILLA 125G;38.71;1
33;Mayonesa Mavesa 900gr;0.00;0
32;Mayonesa Mavesa 175gr;122.17;1
31;Mayonesa Kraft 175gr;60.94;1
30;Margarina Ligera Mavesa 500gr;0.00;0
29;Margarina Nelly 500gr;80.87;1
28;Margarina Nelly 250gr;39.41;1
27;Margarina Mavesa 250gr;49.04;1
26;Margarina Mavesa 500gr;90.51;1
25;lentejas, presentacion de 400g;47.84;1
24;Leche en polvo completa, presentacion 900g;0.00;0
23;Leche en polvo completa, presentacion 500g;0.00;0
22;Leche en polvo completa, presentacion 1Kg.g;0.00;0
21;Leche en polvo sin gluten, presentacion 200g;0.00;0
20;Harina de Trigo Leudante Mary 1Kg.;54.27;1
19;Harina de Trigo Leudante Dulce Mar 1Kg.;0.00;0
18;Caraotas Negras Mi Chacha 1Kg.;0.00;0
17;JABON LUX BOT ROSAS FRANC 125G;38.71;1
16;JABON LUX BOT ORQ. NEGRA 125GR;38.71;1
15;JABON LUX BOT JAZMIN 125GR;38.71;1
14;JABON LIQUIDO BRIX ON AZUL 600ML;96.36;1
13;JABON LIQUIDO BRIX ON AMARILLO 600ML;96.36;1
12;DESINFECTANTE  MISTOLIN FRES FRUTAL 828M;56.78;1
11;CREMA PARA PEINAR;0.00;0
10;CAFE EL PEÑON GOURM 250G;96.36;1
9;CAFE EL PEÑON ESPRESO 500GR;158.31;1
8;Azucar Refinada Maite  1Kg.;0.00;0
7;Azucar Refinada Doce Dia 1Kg.;0.00;0
6;CAFE EL PEÑON 250GR;79.15;1
5;CACAO POLVO DAMASCO 200GR;74.34;1
4;Arroz Mary Tradicional 1Kg.;41.12;1
3;Arroz Agua Blanca 1Kg.;44.25;1
2;Arroz Santoni Excelente 1Kg.;44.25;1
1;Harina de Maiz Amarilla Pan 1Kg.;0.00;0
