app_text_sec,sec
app_text_min,min
app_text_hour,Ora
apicall_954834405d762e3b854af89d3841eb2a,Cerere indisponibilă
appcheckabandonedcart_0259a1bb6da0603027485ebdec0e64e3,Notificarea trimisă cu succes
appcheckabandonedcart_32cc9bac41739e0edebc83e239783807,Setarea coș abandonate este dezactivată
appcheckabandonedcart_d5591d98b2f74d48205cfba7803045cf,Nu esti autorizat sa accesezi aceasta pagina
apppayment_c91ceabee74d73ebaa1c93e38a108179,Nu se poate coș de încărcare, coș de id-ul lipseste.
apppayment_02d12101fb0f9afa9e6edb0fef748a42,Nu se pot încărca coș, coș nu este valid.
apppayment_5189067f57ecc2a8b0fed9324bb808ca,Adresa de expediere nu este validă.
apppayment_208a75cceeac8424211bff23a9c5fae9,E-mail client nu este validă
apppayment_dcf951059ca444f87d296d3b192783e6,Clienți cu acest e-mail nu exista
apppayment_dd6b089a49908d671c3e9cc8dc5899ae,mesaj nevalid
appaddaddress_5058fb0856b024c6a3c18d8e0c764157,adresa de expediere a fost actualizat cu succes.
appaddaddress_51c3de87708e874610d18c0f70e525a3,adresa de expediere a fost adaugata cu succes.
appaddaddress_432100411a1c9a89bf06133afe8b96ce,A apărut o eroare la adăugarea adresei.
appaddaddress_eeabead01c6c6f25f22bf0b041df58a9,Trebuie să înregistrați cel puțin un număr de telefon.
appaddaddress_66ed24fd1b91e55ae0ad7fdb4ed251c7,Această țară necesită să ales un stat.
appaddaddress_3dc3fe315fc270e7425b12e157e4619d,Această țară nu este activă.
appaddaddress_78f66140209a4979028fb80f21be5a44,Fermoarul / codul poștal pe care \ 'am introdus este nevalid. Acesta trebuie să urmeze acest format:% s
appaddaddress_50b668816d2acbdb62484bb5ea5d25ab,Este nevoie de un cod Zip / Cod poștal.
appaddaddress_e6c1e151f2554afad6c0d551046650e8,Fermoarul / codul poștal este nevalid.
appaddaddress_7c77177e0084c27161d63e7de535a1c6,Numărul de identificare este incorectă sau a fost deja utilizat.
appaddaddress_355169a606c66a6a39b8d23609f7329e,Alias-ul% s a fost deja utilizat. Vă rugăm să selectați altul.
appaddaddress_a00acc9b49d721d1e3006715a0ce7014,Adresa de email nu este validă
appaddaddress_dcf951059ca444f87d296d3b192783e6,Clienți cu acest e-mail nu exista
appaddgiftwrapping_e61f52d02b9f52fbe1fd41ed320e29c3,Cos nu a fost găsit
appaddgiftwrapping_694e8d1f2ee056f98ee488bdc4982d73,Cantitate
appaddgiftwrapping_6665e3761028c84e1d228de3432229ed,SKU
appaddgiftwrapping_287234a1ff35a314b5b6bc4e5828e745,atribute
appaddgiftwrapping_604279a9bb5369542695f2ad9e6185ca,Preț total (Fără TVA.)
appaddgiftwrapping_ada0f55ef37f4928c5cd970f378c15e8,total de tichete
appaddgiftwrapping_7c166105b10b8a6a0c0f1c6540f5cd5e,ambalaj total cadou
appaddgiftwrapping_f4e8b53a114e5a17d051ab84d326cae5,Transport total
appaddgiftwrapping_c6995d6cc084c192bc2e742f052a5c74,Transport gratuit!
appaddgiftwrapping_b602e0d0c6a72053d0a5be60cb2f8126,Taxa totală
appaddgiftwrapping_f3547ae5e06426d87312eff7dda775aa,Pretul total
appaddgiftwrapping_ec1f68c64fcaf8260cfacf58cd4d4af7,Profitați de ofertele noastre exclusive
appaddtocart_d0be3f6fa5d819a2a4b8cbf33ed465fe,Datele despre produs lipsește
appaddtocart_dfbe69c6d9568ecb0e65e7b32ed92a3a,Produsul nu a fost găsit
appaddtocart_b771481cd2413f3944a8dd1a7336a7a6,mesaj nevalid
appaddtocart_884d700eec6bda171ce20acc5195fb3d,Adăugați Cantitatea minimă de produs
appaddtocart_92a8d89d9ecdd91b4cc4566666b16a60,Nu se poate adăuga un produs în coș
appaddtocart_d09302c4932f23969957f06289bfddb3,Produs adăugat cu succes
appaddtowishlist_64d3e466dc798bae867ca9044b65822e,Nu se poate încărca produs
appaddtowishlist_ac588dbf1ea617c2628b10c2406e0ed0,Modulul listei este fie inactiv sau nu este instalat.
appaddtowishlist_b65db11517e70558e870ea4bc6dfbf0e,Clienți cu acest e-mail nu este exista.
appaddtowishlist_0e042db7a9a38d0d1c833dd4c141d77d,Adresa de e-mail lipsește sau este nevalid.
appaddtowishlist_6cba49b790757be59e258de6d28fa078,Produs adăugat la lista de dorințe
appapplydelayshipping_e61f52d02b9f52fbe1fd41ed320e29c3,Cos nu a fost găsit
appapplydelayshipping_694e8d1f2ee056f98ee488bdc4982d73,Cantitate
appapplydelayshipping_6665e3761028c84e1d228de3432229ed,SKU
appapplydelayshipping_287234a1ff35a314b5b6bc4e5828e745,atribute
appapplydelayshipping_604279a9bb5369542695f2ad9e6185ca,Preț total (Fără TVA.)
appapplydelayshipping_ada0f55ef37f4928c5cd970f378c15e8,total de tichete
appapplydelayshipping_7c166105b10b8a6a0c0f1c6540f5cd5e,ambalaj total cadou
appapplydelayshipping_f4e8b53a114e5a17d051ab84d326cae5,Transport total
appapplydelayshipping_c6995d6cc084c192bc2e742f052a5c74,Transport gratuit!
appapplydelayshipping_b602e0d0c6a72053d0a5be60cb2f8126,Taxa totală
appapplydelayshipping_f3547ae5e06426d87312eff7dda775aa,Pretul total
appapplydelayshipping_824a96e60e7720c695e8c6f7abd856f4,Este nevoie de un total minim de achiziție% 1s pentru a valida comanda, curent total este% 2s
appapplydelayshipping_ec1f68c64fcaf8260cfacf58cd4d4af7,Profitați de ofertele noastre exclusive
appapplyvoucher_e61f52d02b9f52fbe1fd41ed320e29c3,Cos nu a fost găsit
appapplyvoucher_694e8d1f2ee056f98ee488bdc4982d73,Cantitate
appapplyvoucher_6665e3761028c84e1d228de3432229ed,SKU
appapplyvoucher_287234a1ff35a314b5b6bc4e5828e745,atribute
appapplyvoucher_604279a9bb5369542695f2ad9e6185ca,Preț total (Fără TVA.)
appapplyvoucher_ada0f55ef37f4928c5cd970f378c15e8,total de tichete
appapplyvoucher_7c166105b10b8a6a0c0f1c6540f5cd5e,ambalaj total cadou
appapplyvoucher_f4e8b53a114e5a17d051ab84d326cae5,Transport total
appapplyvoucher_c6995d6cc084c192bc2e742f052a5c74,Transport gratuit!
appapplyvoucher_b602e0d0c6a72053d0a5be60cb2f8126,Taxa totală
appapplyvoucher_f3547ae5e06426d87312eff7dda775aa,Pretul total
appapplyvoucher_ec1f68c64fcaf8260cfacf58cd4d4af7,Profitați de ofertele noastre exclusive
appapplyvoucher_e15b9d349af7453e81350c8ffd2a7615,Trebuie să introduceți un cod de cupon
appapplyvoucher_f49f486fa8a77bcf2d4506587422ed4f,Codul de cupon este nevalid
appapplyvoucher_a866f5cd5e6f4bc4e3ccb09293101e4e,Voucherul aplicat cu succes în coș
appapplyvoucher_e062b646b60fd5fffc3c21afe87eb2ce,Această caracteristică nu este activă pentru acest voucher
appcheckorderstatus_dfcd44bdec4088a7597f5a3d85c6d5bf,Nu se poate încărca coș
appcheckorderstatus_430328c36edf7e197527273c216533a2,Comanda creat de acest coș de cumpărături
appcheckorderstatus_a00acc9b49d721d1e3006715a0ce7014,Adresa de email nu este validă
appcheckorderstatus_dcf951059ca444f87d296d3b192783e6,Clienți cu acest e-mail nu exista
appcheckout_3f324964e384daea4b317e5f179016df,Coșul de identitate lipsește
appcheckout_e61f52d02b9f52fbe1fd41ed320e29c3,Cos nu a fost găsit
appcheckout_694e8d1f2ee056f98ee488bdc4982d73,Cantitate
appcheckout_63d5049791d9d79d86e9a108b0a999ca,Referinţă
appcheckout_287234a1ff35a314b5b6bc4e5828e745,atribute
appcheckout_da7a26ae7679cdec15e19468cdc4c66d,Informații Coș încărcate cu succes
appcheckout_604279a9bb5369542695f2ad9e6185ca,Preț total (Fără TVA.)
appcheckout_ada0f55ef37f4928c5cd970f378c15e8,total de tichete
appcheckout_7c166105b10b8a6a0c0f1c6540f5cd5e,ambalaj total cadou
appcheckout_f4e8b53a114e5a17d051ab84d326cae5,Transport total
appcheckout_c6995d6cc084c192bc2e742f052a5c74,Transport gratuit!
appcheckout_b602e0d0c6a72053d0a5be60cb2f8126,Taxa totală
appcheckout_f3547ae5e06426d87312eff7dda775aa,Pretul total
appcheckout_f633584ed6ab75aa538bdf7c9269aac1,(Cost suplimentar de
appcheckout_a00acc9b49d721d1e3006715a0ce7014,Adresa de email nu este validă
appcheckout_dcf951059ca444f87d296d3b192783e6,Clienți cu acest e-mail nu exista
appcheckout_04f20f929ad93c8a94dbf706e05a9bd6,Nu se pot obține detalii despre adresa de transport
appcheckout_700c53d8cec1b1e9cf6c247944126166,A apărut o eroare la actualizarea coș.
appcheckout_78c46e5c6e68799668e5b0af361e8e5d,Nu există purtători care livrează unor adrese selectate.
appcheckout_3ce77aba56f064e8e177a01a7d88d415,Nu există purtători care livrează la o adresă selectată.
appcheckout_d049e05d0babc4c1643c4b36397be24d,Nu există purtători care livrează la adresa selectată.
appcheckout_51dfe3dfbcd0ea5974aba6663a660a2b,Nu livrare Metoda Obligatoriu
appcheckout_b24ce0cd392a5b0b8dedc66c25213594,Liber
appcheckout_6e15f72a51837e528df003792a367360,Nici o metoda valabila de livrare
appcheckout_e01c4498102e120635a233f6ece469da,Nu se pot obține detalii cu adresa de facturare
appcore_453584dcf31a45f1a2285e736091ab88,Modulul Mobile App este dezactivat.
appcore_eef6d0bfb2baac0933acaeb8386f3bf3,Modulul Mobile App este fie inactiv sau nu este instalat.
appcore_de0d079814594c9a07785c5433b7830f,Nu se poate obține lista de produse
appcreateorder_3f324964e384daea4b317e5f179016df,Coșul de identitate lipsește
appcreateorder_e61f52d02b9f52fbe1fd41ed320e29c3,Cos nu a fost găsit
appcreateorder_a00acc9b49d721d1e3006715a0ce7014,Adresa de email nu este validă
appcreateorder_dcf951059ca444f87d296d3b192783e6,Clienți cu acest e-mail nu exista
appcreateorder_04d56d3845162acfb694a4a9e43652d2,Poate \ 't starea de încărcare Comanda
appcreateorder_bd46744c55c6dcf066dd125fedf954a6,Tasta securizată nu se potrivește
appcreateorder_cd53515e3ac8aaa8cbef5e3d66d934e1,CartRule utilizat în acest coș de cumpărături nu este valid și a fost retras din coș
appcreateorder_9056f5dba2507645e07d0c7b55c74c90,Coșul este gol.
appcreateorder_f7328eec8ea840e9eeafae3766e4bca9,Țara Adresa de livrare nu este activ.
appcreateorder_21117dd42fc79f46a81ccb5f7d66c460,Comanda nu poate fi creat
appcreateorder_a6addeb40ed0462485e6e95ba6def81f,Eroare la salvarea de plată, pentru
appcreateorder_845c771e8459c46db334e5ad7bbad9b8,Comanda fost creat cu succes
appcreateorder_b08d3867be98e6fff3233cd40ab8134a,crearea de Comandă a eșuat
appcreateorder_43423b4056880b08f2c9aa50d8670531,Coșul nu pot fi încărcate sau o comandă a fost deja plasat folosind acest coș de cumpărături
appforgotpassword_e267e2be02cf3e29f4ba53b5d97cf78a,Adresa email invalida.
appforgotpassword_b51cb75f23091c0f98bea54ae7615080,Nu există nici un cont înregistrat pentru această adresă de e-mail.
appforgotpassword_194496a52d41fba1c9e6140c4eb34f83,Nu puteți regenera parola pentru acest cont.
appforgotpassword_922dc0515643fb69585b67281692644a,Puteți regenera parola doar la fiecare% d minut (e)
appforgotpassword_62a0ad9b46a5eed332c032b0c11ce07a,Un e-mail de confirmare a fost trimis la adresa:
appforgotpassword_6e2fc94479ac0c63543886a235e3370c,A apărut o eroare la trimiterea de e-mail.
appforgotpassword_ea3729ee448ef1d87bd298843f658749,Parametrul de e-mail nu este setat
appgetaddressdetails_69fb27bd2e44f47a9ae98aa1695df278,Nu se pot încărca adresa
appgetaddressdetails_c462960a6bd53db34f778d0562703ad3,TVA
appgetaddressdetails_b60bb13a87fe3ae5463aeb0980a5a8a1,Numar de identificare
appgetaddressdetails_e4eb5dadb6ee84c5c55a8edf53f6e554,Zip / Cod Poștal
appgetaddressdetails_20db0bfeecd8fe60533206a2b5e9891a,Nume
appgetaddressdetails_8d3f5eff9c40ee315d452392bed5309b,Numele de familie
appgetaddressdetails_dd7bf230fde8d4836917806aff6a6b27,Abordare
appgetaddressdetails_846a54955f32846032981f8fe48c35ff,Adresa (linia 2)
appgetaddressdetails_57d056ed0984166336b7879c2af3657f,Oraș
appgetaddressdetails_59716c97497eb9694541f7c3d37b1a4d,Țară
appgetaddressdetails_46a2a41cc6e552044816a2d04634545d,Stat
appgetaddressdetails_1c76cbfe21c6f44c1d1e59d54f3e4420,Companie
appgetaddressdetails_fe66abce284ec8589e7d791185b5c442,Telefon fix
appgetaddressdetails_41c2fff4867cc204120f001e7af20f7a,Telefon mobil
appgetaddressdetails_0f68b904e33d9ac04605aecc958bcf52,Informatii suplimentare
appgetaddressdetails_711ccfcebd3f316fa55e127061a1044a,Adresa din titlu
appgetaddressdetails_37e084acb152f3e6a5877f861e08819e,Adresa încărcat cu succes
appgetaddressform_c462960a6bd53db34f778d0562703ad3,TVA
appgetaddressform_b60bb13a87fe3ae5463aeb0980a5a8a1,Numar de identificare
appgetaddressform_e4eb5dadb6ee84c5c55a8edf53f6e554,Zip / Cod Poștal
appgetaddressform_20db0bfeecd8fe60533206a2b5e9891a,Nume
appgetaddressform_8d3f5eff9c40ee315d452392bed5309b,Numele de familie
appgetaddressform_dd7bf230fde8d4836917806aff6a6b27,Abordare
appgetaddressform_846a54955f32846032981f8fe48c35ff,Adresa (linia 2)
appgetaddressform_57d056ed0984166336b7879c2af3657f,Oraș
appgetaddressform_59716c97497eb9694541f7c3d37b1a4d,Țară
appgetaddressform_46a2a41cc6e552044816a2d04634545d,Stat
appgetaddressform_1c76cbfe21c6f44c1d1e59d54f3e4420,Companie
appgetaddressform_fe66abce284ec8589e7d791185b5c442,Telefon fix
appgetaddressform_41c2fff4867cc204120f001e7af20f7a,Telefon mobil
appgetaddressform_0f68b904e33d9ac04605aecc958bcf52,Informatii suplimentare
appgetaddressform_711ccfcebd3f316fa55e127061a1044a,Adresa din titlu
appgetaddressform_958a1c94f27df673dc5b258b2b0cc528,Nu se pot obține de stat pentru Țară
appgetaddressform_69fb27bd2e44f47a9ae98aa1695df278,Nu se pot încărca adresa
appgetaddressform_37e084acb152f3e6a5877f861e08819e,Adresa încărcat cu succes
appgetcartdetails_08d0d87bfba2d0c58c04494fc2143cad,Scuze. Coșul de identitate lipsește
appgetcartdetails_56ca67fde405db4d75fb5fc3350db81b,Scuze. Nu putem reînnoi comanda.
appgetcartdetails_b22604f6ddd3fb79ff38568a5a0141e0,Unele elemente nu mai sunt disponibile, și nu putem reînnoi comanda.
appgetcartdetails_e61f52d02b9f52fbe1fd41ed320e29c3,Cos nu a fost găsit
appgetcartdetails_694e8d1f2ee056f98ee488bdc4982d73,Cantitate
appgetcartdetails_6665e3761028c84e1d228de3432229ed,SKU
appgetcartdetails_287234a1ff35a314b5b6bc4e5828e745,atribute
appgetcartdetails_604279a9bb5369542695f2ad9e6185ca,Preț total (Fără TVA.)
appgetcartdetails_ada0f55ef37f4928c5cd970f378c15e8,total de tichete
appgetcartdetails_7c166105b10b8a6a0c0f1c6540f5cd5e,ambalaj total cadou
appgetcartdetails_f4e8b53a114e5a17d051ab84d326cae5,Transport total
appgetcartdetails_c6995d6cc084c192bc2e742f052a5c74,Transport gratuit!
appgetcartdetails_b602e0d0c6a72053d0a5be60cb2f8126,Taxa totală
appgetcartdetails_f3547ae5e06426d87312eff7dda775aa,Pretul total
appgetcartdetails_ec1f68c64fcaf8260cfacf58cd4d4af7,Profitați de ofertele noastre exclusive
appgetcategorydetails_b22529647cbe4f4d260f349baec9d630,Categorie id lipsește
appgetcategorydetails_bd964ff97bc91ddd97289acc711b84f9,Termenul de căutare este lipsește
appgetcustomeraddress_a00acc9b49d721d1e3006715a0ce7014,Adresa de email nu este validă
appgetcustomeraddress_18dc0570e2b85b76ff5773027fd75248,Clientul nu există pentru această adresă de e-mail.
appgetfilters_b22529647cbe4f4d260f349baec9d630,Categorie id lipsește
appgetfilters_bd964ff97bc91ddd97289acc711b84f9,Termenul de căutare este lipsește
appgethome_cf75826aa860140d05ad30996cf175e8,Top Sliders
appgethome_2d9b9a764fb0be4be10e1b2fce63f561,cursor
appgethome_7c0ad572fae721669da32e4ef439c1b4,Top Bannere
appgethome_6ff29916f99fff9d2494d28e721ae77e,stindard
appgethome_9a90d6756768c9c8b41e0db9a384c251,Produse Recomandate
appgethome_1276c482cb32edf4fce51761a9792716,Produse speciale
appgethome_26e2d291250a79cb9d62ae299ff7fffa,bestseller Produse
appgethome_31d26a6487e08357bd771619e894b0c6,Sosiri noi
appgethome_dfcd44bdec4088a7597f5a3d85c6d5bf,Nu se poate încărca coș
appgethome_430328c36edf7e197527273c216533a2,Comanda creat de acest coș de cumpărături
appgetmobilepaymentmethods_98ce442fb183c4de4fbe7d67e056b117,Nicio metodă de plată este activată
appgetmobilepaymentmethods_5b7d532d6e7746d362b89e27cdb51a36,Nu Metode de plată a fost configurată
appgetorderdetails_a237560ece5935da47dd1c9b1cea4d19,ID comandă lipsește
appgetorderdetails_5f34ed748b73efce4af2b84461f86d51,Nu se pot încărca detaliile comenzii
appgetorders_ca3e85454678003dbdba2fbbb34ec11d,Nu se pot încărca istoricul comenzilor
appgetorders_a00acc9b49d721d1e3006715a0ce7014,Adresa de email nu este validă
appgetorders_dcf951059ca444f87d296d3b192783e6,Clienți cu acest e-mail nu exista
appgetorders_694e8d1f2ee056f98ee488bdc4982d73,Cantitate
appgetorders_6665e3761028c84e1d228de3432229ed,SKU
appgetproductdetails_04ed5396be771c71ecc89b3beb627684,ID-ul produsului lipseste
appgetproductdetails_dfbe69c6d9568ecb0e65e7b32ed92a3a,Produsul nu a fost găsit
appgetproductdetails_1be6f9eb563f3bf85c78b4219bf09de9,Marca
appgetproductdetails_6665e3761028c84e1d228de3432229ed,SKU
appgetproductdetails_9e2941b3c81256fac10392aaca4ccfde,Condiție
appgetproductdetails_db5963a70dd965e53337043be1dcb991,Acest produs nu este disponibil pe App, deoarece are câmp de personalizare fișier.
appgetprofile_a00acc9b49d721d1e3006715a0ce7014,Adresa de email nu este validă
appgetprofile_dcf951059ca444f87d296d3b192783e6,Clienți cu acest e-mail nu exista
appgetregions_958a1c94f27df673dc5b258b2b0cc528,Nu se pot obține de stat pentru Țară
appgetwishlist_ac588dbf1ea617c2628b10c2406e0ed0,Modulul listei este fie inactiv sau nu este instalat.
appgetwishlist_b65db11517e70558e870ea4bc6dfbf0e,Clienți cu acest e-mail nu este exista.
appgetwishlist_0e042db7a9a38d0d1c833dd4c141d77d,Adresa de e-mail lipsește sau este nevalid.
appgetwishlist_9db509ecd7d739938fdc3dda8bc12bc9,Nici un produs găsit în lista de dorințe
appguestregistration_164b06b3d14521584edbc4dda05b220d,Vă rugăm să furnizați adresa de e-mail
appguestregistration_e267e2be02cf3e29f4ba53b5d97cf78a,Adresa email invalida.
appguestregistration_db8a6a25796eff7d9010bfe3774c2382,Un cont utilizând această adresă de e-mail a fost deja înregistrat.
applogin_96550f206ccd1c321be787e4f1875ed4,O adresă de e-mail necesară.
applogin_e267e2be02cf3e29f4ba53b5d97cf78a,Adresa email invalida.
applogin_20aedd1e6de4dcf8d115b5a7424c58d7,Parola este necesara.
applogin_e388a72d1abdd7af5f08b44ff698afbe,Parolă Invalidă.
applogin_47d03b2e9a827c42170ba95d35af06d2,Contul dvs. nu e \ 't disponibile în acest moment.
applogin_802b207b05fe5cea22e11b9db804b33d,Autentificare esuata.
applogin_23449e6c6fb211fb8bf12eae126cf555,Autentificare utilizatori cu succes
appregisteruser_7ffc7db3c8072a468937761b9fa9583c,Nume nevalid.
appregisteruser_5226b39ad81c6d482af27920b0d532ae,Nume nevalid.
appregisteruser_e267e2be02cf3e29f4ba53b5d97cf78a,Adresa email invalida.
appregisteruser_e388a72d1abdd7af5f08b44ff698afbe,Parolă Invalidă.
appregisteruser_0984b2c0c7aa81adae4ab22b4c39d350,datele nu sunt disponibile pentru clienți.
appregisteruser_db8a6a25796eff7d9010bfe3774c2382,Un cont utilizând această adresă de e-mail a fost deja înregistrat.
appregisteruser_52255315e18d82f8e728722aae90ed1e,Clientul a fost creat cu succes.
appremovedelayshipping_e61f52d02b9f52fbe1fd41ed320e29c3,Cos nu a fost găsit
appremovedelayshipping_694e8d1f2ee056f98ee488bdc4982d73,Cantitate
appremovedelayshipping_6665e3761028c84e1d228de3432229ed,SKU
appremovedelayshipping_287234a1ff35a314b5b6bc4e5828e745,atribute
appremovedelayshipping_604279a9bb5369542695f2ad9e6185ca,Preț total (Fără TVA.)
appremovedelayshipping_ada0f55ef37f4928c5cd970f378c15e8,total de tichete
appremovedelayshipping_7c166105b10b8a6a0c0f1c6540f5cd5e,ambalaj total cadou
appremovedelayshipping_f4e8b53a114e5a17d051ab84d326cae5,Transport total
appremovedelayshipping_c6995d6cc084c192bc2e742f052a5c74,Transport gratuit!
appremovedelayshipping_b602e0d0c6a72053d0a5be60cb2f8126,Taxa totală
appremovedelayshipping_f3547ae5e06426d87312eff7dda775aa,Pretul total
appremovedelayshipping_ec1f68c64fcaf8260cfacf58cd4d4af7,Profitați de ofertele noastre exclusive
appremovegiftwrapping_e61f52d02b9f52fbe1fd41ed320e29c3,Cos nu a fost găsit
appremovegiftwrapping_694e8d1f2ee056f98ee488bdc4982d73,Cantitate
appremovegiftwrapping_6665e3761028c84e1d228de3432229ed,SKU
appremovegiftwrapping_287234a1ff35a314b5b6bc4e5828e745,atribute
appremovegiftwrapping_604279a9bb5369542695f2ad9e6185ca,Preț total (Fără TVA.)
appremovegiftwrapping_ada0f55ef37f4928c5cd970f378c15e8,total de tichete
appremovegiftwrapping_7c166105b10b8a6a0c0f1c6540f5cd5e,ambalaj total cadou
appremovegiftwrapping_f4e8b53a114e5a17d051ab84d326cae5,Transport total
appremovegiftwrapping_c6995d6cc084c192bc2e742f052a5c74,Transport gratuit!
appremovegiftwrapping_b602e0d0c6a72053d0a5be60cb2f8126,Taxa totală
appremovegiftwrapping_f3547ae5e06426d87312eff7dda775aa,Pretul total
appremovegiftwrapping_ec1f68c64fcaf8260cfacf58cd4d4af7,Profitați de ofertele noastre exclusive
appremoveproduct_e61f52d02b9f52fbe1fd41ed320e29c3,Cos nu a fost găsit
appremoveproduct_694e8d1f2ee056f98ee488bdc4982d73,Cantitate
appremoveproduct_6665e3761028c84e1d228de3432229ed,SKU
appremoveproduct_287234a1ff35a314b5b6bc4e5828e745,atribute
appremoveproduct_604279a9bb5369542695f2ad9e6185ca,Preț total (Fără TVA.)
appremoveproduct_ada0f55ef37f4928c5cd970f378c15e8,total de tichete
appremoveproduct_7c166105b10b8a6a0c0f1c6540f5cd5e,ambalaj total cadou
appremoveproduct_f4e8b53a114e5a17d051ab84d326cae5,Transport total
appremoveproduct_c6995d6cc084c192bc2e742f052a5c74,Transport gratuit!
appremoveproduct_b602e0d0c6a72053d0a5be60cb2f8126,Taxa totală
appremoveproduct_f3547ae5e06426d87312eff7dda775aa,Pretul total
appremoveproduct_824a96e60e7720c695e8c6f7abd856f4,Este nevoie de un total minim de achiziție% 1s pentru a valida comanda, curent total este% 2s
appremoveproduct_ec1f68c64fcaf8260cfacf58cd4d4af7,Profitați de ofertele noastre exclusive
appremoveproduct_83af0c74c4cd7eef63a11d3ba7e48fda,Datele despre produs lipsesc.
appremoveproduct_f7ac9125e391518b45badf32ca5b152b,Id-ul produsului lipseste.
appremoveproduct_dfbe69c6d9568ecb0e65e7b32ed92a3a,Produsul nu a fost găsit
appremoveproduct_0d38c90d843c787c0be14f790998210c,Trebuie să adăugați% cantitate minimă d
appremoveproduct_3a3f4a8eb22f25c672d3af4e42df7d33,Produs eliminat cu succes
appremovevoucher_e61f52d02b9f52fbe1fd41ed320e29c3,Cos nu a fost găsit
appremovevoucher_694e8d1f2ee056f98ee488bdc4982d73,Cantitate
appremovevoucher_6665e3761028c84e1d228de3432229ed,SKU
appremovevoucher_287234a1ff35a314b5b6bc4e5828e745,atribute
appremovevoucher_604279a9bb5369542695f2ad9e6185ca,Preț total (Fără TVA.)
appremovevoucher_ada0f55ef37f4928c5cd970f378c15e8,total de tichete
appremovevoucher_7c166105b10b8a6a0c0f1c6540f5cd5e,ambalaj total cadou
appremovevoucher_f4e8b53a114e5a17d051ab84d326cae5,Transport total
appremovevoucher_c6995d6cc084c192bc2e742f052a5c74,Transport gratuit!
appremovevoucher_b602e0d0c6a72053d0a5be60cb2f8126,Taxa totală
appremovevoucher_f3547ae5e06426d87312eff7dda775aa,Pretul total
appremovevoucher_824a96e60e7720c695e8c6f7abd856f4,Este nevoie de un total minim de achiziție% 1s pentru a valida comanda, curent total este% 2s
appremovevoucher_ec1f68c64fcaf8260cfacf58cd4d4af7,Profitați de ofertele noastre exclusive
appremovevoucher_b718489ea250655f5a6de41d6ad9539e,Voucher eliminat cu succes
appremovevoucher_15bddec15f9c9237c333ed66cf65baf6,A apărut o eroare la eliminarea voucher
appremovewishlist_64d3e466dc798bae867ca9044b65822e,Nu se poate încărca produs
appremovewishlist_ac588dbf1ea617c2628b10c2406e0ed0,Modulul listei este fie inactiv sau nu este instalat.
appremovewishlist_b65db11517e70558e870ea4bc6dfbf0e,Clienți cu acest e-mail nu este exista.
appremovewishlist_0e042db7a9a38d0d1c833dd4c141d77d,Adresa de e-mail lipsește sau este nevalid.
appremovewishlist_956d818758e07660a5885268e15c92a9,Produs eliminat din lista de dorințe
appreorder_56ca67fde405db4d75fb5fc3350db81b,Scuze. Nu putem reînnoi comanda.
appreorder_b22604f6ddd3fb79ff38568a5a0141e0,Unele elemente nu mai sunt disponibile, și nu putem reînnoi comanda.
appreorder_1c5fea3a8662e49ee07edf2b7fd22eb5,Scuze. Nu putem reînnoi comanda. Id-ul comenzii lipsește
appreorder_e61f52d02b9f52fbe1fd41ed320e29c3,Cos nu a fost găsit
appreorder_694e8d1f2ee056f98ee488bdc4982d73,Cantitate
appreorder_6665e3761028c84e1d228de3432229ed,SKU
appreorder_287234a1ff35a314b5b6bc4e5828e745,atribute
appreorder_604279a9bb5369542695f2ad9e6185ca,Preț total (Fără TVA.)
appreorder_ada0f55ef37f4928c5cd970f378c15e8,total de tichete
appreorder_7c166105b10b8a6a0c0f1c6540f5cd5e,ambalaj total cadou
appreorder_f4e8b53a114e5a17d051ab84d326cae5,Transport total
appreorder_c6995d6cc084c192bc2e742f052a5c74,Transport gratuit!
appreorder_b602e0d0c6a72053d0a5be60cb2f8126,Taxa totală
appreorder_f3547ae5e06426d87312eff7dda775aa,Pretul total
appreorder_824a96e60e7720c695e8c6f7abd856f4,Este nevoie de un total minim de achiziție% 1s pentru a valida comanda, curent total este% 2s
appreorder_ec1f68c64fcaf8260cfacf58cd4d4af7,Profitați de ofertele noastre exclusive
appsavegiftmessage_e61f52d02b9f52fbe1fd41ed320e29c3,Cos nu a fost găsit
appsavegiftmessage_15bddec15f9c9237c333ed66cf65baf6,A apărut o eroare la eliminarea voucher
appsavegiftmessage_4af3f045da697ee7929661dd4dde0242,Mesaj pentru cadou salvat
appsavegiftmessage_694e8d1f2ee056f98ee488bdc4982d73,Cantitate
appsavegiftmessage_6665e3761028c84e1d228de3432229ed,SKU
appsavegiftmessage_287234a1ff35a314b5b6bc4e5828e745,atribute
appsavegiftmessage_604279a9bb5369542695f2ad9e6185ca,Preț total (Fără TVA.)
appsavegiftmessage_ada0f55ef37f4928c5cd970f378c15e8,total de tichete
appsavegiftmessage_7c166105b10b8a6a0c0f1c6540f5cd5e,ambalaj total cadou
appsavegiftmessage_f4e8b53a114e5a17d051ab84d326cae5,Transport total
appsavegiftmessage_c6995d6cc084c192bc2e742f052a5c74,Transport gratuit!
appsavegiftmessage_b602e0d0c6a72053d0a5be60cb2f8126,Taxa totală
appsavegiftmessage_f3547ae5e06426d87312eff7dda775aa,Pretul total
appsavegiftmessage_824a96e60e7720c695e8c6f7abd856f4,Este nevoie de un total minim de achiziție% 1s pentru a valida comanda, curent total este% 2s
appsavegiftmessage_ec1f68c64fcaf8260cfacf58cd4d4af7,Profitați de ofertele noastre exclusive
appsetbillingaddress_3f324964e384daea4b317e5f179016df,Coșul de identitate lipsește
appsetbillingaddress_e61f52d02b9f52fbe1fd41ed320e29c3,Cos nu a fost găsit
appsetbillingaddress_694e8d1f2ee056f98ee488bdc4982d73,Cantitate
appsetbillingaddress_63d5049791d9d79d86e9a108b0a999ca,Referinţă
appsetbillingaddress_287234a1ff35a314b5b6bc4e5828e745,atribute
appsetbillingaddress_da7a26ae7679cdec15e19468cdc4c66d,Informații Coș încărcate cu succes
appsetbillingaddress_604279a9bb5369542695f2ad9e6185ca,Preț total (Fără TVA.)
appsetbillingaddress_ada0f55ef37f4928c5cd970f378c15e8,total de tichete
appsetbillingaddress_7c166105b10b8a6a0c0f1c6540f5cd5e,ambalaj total cadou
appsetbillingaddress_f4e8b53a114e5a17d051ab84d326cae5,Transport total
appsetbillingaddress_c6995d6cc084c192bc2e742f052a5c74,Transport gratuit!
appsetbillingaddress_b602e0d0c6a72053d0a5be60cb2f8126,Taxa totală
appsetbillingaddress_f3547ae5e06426d87312eff7dda775aa,Pretul total
appsetbillingaddress_f633584ed6ab75aa538bdf7c9269aac1,(Cost suplimentar de
appsetbillingaddress_bf804c0fa1807646b297f7be6843138f,Este nevoie de un total minim de achiziție% 1s pentru a valida comanda, curent total de achiziție este% 2s
appsetbillingaddress_a00acc9b49d721d1e3006715a0ce7014,Adresa de email nu este validă
appsetbillingaddress_dcf951059ca444f87d296d3b192783e6,Clienți cu acest e-mail nu exista
appsetbillingaddress_04f20f929ad93c8a94dbf706e05a9bd6,Nu se pot obține detalii despre adresa de transport
appsetbillingaddress_700c53d8cec1b1e9cf6c247944126166,A apărut o eroare la actualizarea coș.
appsetbillingaddress_0383858ad9a560ca2ecb8066c1681807,Selecția de produs nu poate fi livrat de transportator disponibil (e): este prea greu. Vă rugăm să modifice coșul de a reduce greutatea sa.
appsetbillingaddress_942649e42a59a56bd717acc3fed307b8,Selecția de produs nu poate fi livrat de transportator disponibil (e). Vă rugăm să modifice coș.
appsetbillingaddress_7c013b3defbf4cec9cd69f2e99a8d84c,Selecția de produs nu poate fi livrat de transportator disponibil (e): dimensiunea acesteia nu se potrivește. Vă rugăm să modifice coșul de a reduce dimensiunea sa.
appsetbillingaddress_78c46e5c6e68799668e5b0af361e8e5d,Nu există purtători care livrează unor adrese selectate.
appsetbillingaddress_3ce77aba56f064e8e177a01a7d88d415,Nu există purtători care livrează la o adresă selectată.
appsetbillingaddress_d049e05d0babc4c1643c4b36397be24d,Nu există purtători care livrează la adresa selectată.
appsetbillingaddress_51dfe3dfbcd0ea5974aba6663a660a2b,Nu livrare Metoda Obligatoriu
appsetbillingaddress_b24ce0cd392a5b0b8dedc66c25213594,Liber
appsetbillingaddress_6e15f72a51837e528df003792a367360,Nici o metoda valabila de livrare
appsetbillingaddress_e01c4498102e120635a233f6ece469da,Nu se pot obține detalii cu adresa de facturare
appsetshippingaddress_3f324964e384daea4b317e5f179016df,Coșul de identitate lipsește
appsetshippingaddress_e61f52d02b9f52fbe1fd41ed320e29c3,Cos nu a fost găsit
appsetshippingaddress_694e8d1f2ee056f98ee488bdc4982d73,Cantitate
appsetshippingaddress_63d5049791d9d79d86e9a108b0a999ca,Referinţă
appsetshippingaddress_287234a1ff35a314b5b6bc4e5828e745,atribute
appsetshippingaddress_da7a26ae7679cdec15e19468cdc4c66d,Informații Coș încărcate cu succes
appsetshippingaddress_604279a9bb5369542695f2ad9e6185ca,Preț total (Fără TVA.)
appsetshippingaddress_ada0f55ef37f4928c5cd970f378c15e8,total de tichete
appsetshippingaddress_7c166105b10b8a6a0c0f1c6540f5cd5e,ambalaj total cadou
appsetshippingaddress_f4e8b53a114e5a17d051ab84d326cae5,Transport total
appsetshippingaddress_c6995d6cc084c192bc2e742f052a5c74,Transport gratuit!
appsetshippingaddress_b602e0d0c6a72053d0a5be60cb2f8126,Taxa totală
appsetshippingaddress_f3547ae5e06426d87312eff7dda775aa,Pretul total
appsetshippingaddress_f633584ed6ab75aa538bdf7c9269aac1,(Cost suplimentar de
appsetshippingaddress_bf804c0fa1807646b297f7be6843138f,Este nevoie de un total minim de achiziție% 1s pentru a valida comanda, curent total de achiziție este% 2s
appsetshippingaddress_a00acc9b49d721d1e3006715a0ce7014,Adresa de email nu este validă
appsetshippingaddress_dcf951059ca444f87d296d3b192783e6,Clienți cu acest e-mail nu exista
appsetshippingaddress_04f20f929ad93c8a94dbf706e05a9bd6,Nu se pot obține detalii despre adresa de transport
appsetshippingaddress_700c53d8cec1b1e9cf6c247944126166,A apărut o eroare la actualizarea coș.
appsetshippingaddress_0383858ad9a560ca2ecb8066c1681807,Selecția de produs nu poate fi livrat de transportator disponibil (e): este prea greu. Vă rugăm să modifice coșul de a reduce greutatea sa.
appsetshippingaddress_942649e42a59a56bd717acc3fed307b8,Selecția de produs nu poate fi livrat de transportator disponibil (e). Vă rugăm să modifice coș.
appsetshippingaddress_7c013b3defbf4cec9cd69f2e99a8d84c,Selecția de produs nu poate fi livrat de transportator disponibil (e): dimensiunea acesteia nu se potrivește. Vă rugăm să modifice coșul de a reduce dimensiunea sa.
appsetshippingaddress_78c46e5c6e68799668e5b0af361e8e5d,Nu există purtători care livrează unor adrese selectate.
appsetshippingaddress_3ce77aba56f064e8e177a01a7d88d415,Nu există purtători care livrează la o adresă selectată.
appsetshippingaddress_d049e05d0babc4c1643c4b36397be24d,Nu există purtători care livrează la adresa selectată.
appsetshippingaddress_51dfe3dfbcd0ea5974aba6663a660a2b,Nu livrare Metoda Obligatoriu
appsetshippingaddress_b24ce0cd392a5b0b8dedc66c25213594,Liber
appsetshippingaddress_6e15f72a51837e528df003792a367360,Nici o metoda valabila de livrare
appsetshippingaddress_e01c4498102e120635a233f6ece469da,Nu se pot obține detalii cu adresa de facturare
appsetshippingmethod_3f324964e384daea4b317e5f179016df,Coșul de identitate lipsește
appsetshippingmethod_e61f52d02b9f52fbe1fd41ed320e29c3,Cos nu a fost găsit
appsetshippingmethod_694e8d1f2ee056f98ee488bdc4982d73,Cantitate
appsetshippingmethod_63d5049791d9d79d86e9a108b0a999ca,Referinţă
appsetshippingmethod_287234a1ff35a314b5b6bc4e5828e745,atribute
appsetshippingmethod_da7a26ae7679cdec15e19468cdc4c66d,Informații Coș încărcate cu succes
appsetshippingmethod_604279a9bb5369542695f2ad9e6185ca,Preț total (Fără TVA.)
appsetshippingmethod_ada0f55ef37f4928c5cd970f378c15e8,total de tichete
appsetshippingmethod_7c166105b10b8a6a0c0f1c6540f5cd5e,ambalaj total cadou
appsetshippingmethod_f4e8b53a114e5a17d051ab84d326cae5,Transport total
appsetshippingmethod_c6995d6cc084c192bc2e742f052a5c74,Transport gratuit!
appsetshippingmethod_b602e0d0c6a72053d0a5be60cb2f8126,Taxa totală
appsetshippingmethod_f3547ae5e06426d87312eff7dda775aa,Pretul total
appsetshippingmethod_f633584ed6ab75aa538bdf7c9269aac1,(Cost suplimentar de
appsetshippingmethod_bf804c0fa1807646b297f7be6843138f,Este nevoie de un total minim de achiziție% 1s pentru a valida comanda, curent total de achiziție este% 2s
appsetshippingmethod_a00acc9b49d721d1e3006715a0ce7014,Adresa de email nu este validă
appsetshippingmethod_dcf951059ca444f87d296d3b192783e6,Clienți cu acest e-mail nu exista
appsetshippingmethod_04f20f929ad93c8a94dbf706e05a9bd6,Nu se pot obține detalii despre adresa de transport
appsetshippingmethod_700c53d8cec1b1e9cf6c247944126166,A apărut o eroare la actualizarea coș.
appsetshippingmethod_0383858ad9a560ca2ecb8066c1681807,Selecția de produs nu poate fi livrat de transportator disponibil (e): este prea greu. Vă rugăm să modifice coșul de a reduce greutatea sa.
appsetshippingmethod_942649e42a59a56bd717acc3fed307b8,Selecția de produs nu poate fi livrat de transportator disponibil (e). Vă rugăm să modifice coș.
appsetshippingmethod_7c013b3defbf4cec9cd69f2e99a8d84c,Selecția de produs nu poate fi livrat de transportator disponibil (e): dimensiunea acesteia nu se potrivește. Vă rugăm să modifice coșul de a reduce dimensiunea sa.
appsetshippingmethod_78c46e5c6e68799668e5b0af361e8e5d,Nu există purtători care livrează unor adrese selectate.
appsetshippingmethod_3ce77aba56f064e8e177a01a7d88d415,Nu există purtători care livrează la o adresă selectată.
appsetshippingmethod_d049e05d0babc4c1643c4b36397be24d,Nu există purtători care livrează la adresa selectată.
appsetshippingmethod_51dfe3dfbcd0ea5974aba6663a660a2b,Nu livrare Metoda Obligatoriu
appsetshippingmethod_b24ce0cd392a5b0b8dedc66c25213594,Liber
appsetshippingmethod_6e15f72a51837e528df003792a367360,Nici o metoda valabila de livrare
appsetshippingmethod_e01c4498102e120635a233f6ece469da,Nu se pot obține detalii cu adresa de facturare
appsociallogin_bc9b4a91502bd9531dc9d7b544855a7a,date sociale nu sunt disponibile.
appsociallogin_23449e6c6fb211fb8bf12eae126cf555,Autentificare utilizatori cu succes
appupdateaddress_5058fb0856b024c6a3c18d8e0c764157,adresa de expediere a fost actualizat cu succes.
appupdateaddress_432100411a1c9a89bf06133afe8b96ce,A apărut o eroare la adăugarea adresei.
appupdateaddress_eeabead01c6c6f25f22bf0b041df58a9,Trebuie să înregistrați cel puțin un număr de telefon.
appupdateaddress_66ed24fd1b91e55ae0ad7fdb4ed251c7,Această țară necesită să ales un stat.
appupdateaddress_3dc3fe315fc270e7425b12e157e4619d,Această țară nu este activă.
appupdateaddress_78f66140209a4979028fb80f21be5a44,Fermoarul / codul poștal pe care \ 'am introdus este nevalid. Acesta trebuie să urmeze acest format:% s
appupdateaddress_50b668816d2acbdb62484bb5ea5d25ab,Este nevoie de un cod Zip / Cod poștal.
appupdateaddress_e6c1e151f2554afad6c0d551046650e8,Fermoarul / codul poștal este nevalid.
appupdateaddress_7c77177e0084c27161d63e7de535a1c6,Numărul de identificare este incorectă sau a fost deja utilizat.
appupdateaddress_355169a606c66a6a39b8d23609f7329e,Alias-ul% s a fost deja utilizat. Vă rugăm să selectați altul.
appupdateaddress_a00acc9b49d721d1e3006715a0ce7014,Adresa de email nu este validă
appupdateaddress_dcf951059ca444f87d296d3b192783e6,Clienți cu acest e-mail nu exista
appupdatecartquantity_e61f52d02b9f52fbe1fd41ed320e29c3,Cos nu a fost găsit
appupdatecartquantity_694e8d1f2ee056f98ee488bdc4982d73,Cantitate
appupdatecartquantity_6665e3761028c84e1d228de3432229ed,SKU
appupdatecartquantity_287234a1ff35a314b5b6bc4e5828e745,atribute
appupdatecartquantity_604279a9bb5369542695f2ad9e6185ca,Preț total (Fără TVA.)
appupdatecartquantity_ada0f55ef37f4928c5cd970f378c15e8,total de tichete
appupdatecartquantity_7c166105b10b8a6a0c0f1c6540f5cd5e,ambalaj total cadou
appupdatecartquantity_f4e8b53a114e5a17d051ab84d326cae5,Transport total
appupdatecartquantity_c6995d6cc084c192bc2e742f052a5c74,Transport gratuit!
appupdatecartquantity_b602e0d0c6a72053d0a5be60cb2f8126,Taxa totală
appupdatecartquantity_f3547ae5e06426d87312eff7dda775aa,Pretul total
appupdatecartquantity_ec1f68c64fcaf8260cfacf58cd4d4af7,Profitați de ofertele noastre exclusive
appupdatecartquantity_83af0c74c4cd7eef63a11d3ba7e48fda,Datele despre produs lipsesc.
appupdatecartquantity_1f4c1c7eb53c734122abd654be5f8164,Cantitatea trebuie sa fie mai mare decât zero.
appupdatecartquantity_dfbe69c6d9568ecb0e65e7b32ed92a3a,Produsul nu a fost găsit
appupdatecartquantity_91e6cde963af2000218553722fc7a093,Acest produs nu mai este disponibil.
appupdatecartquantity_4d2c41ad87059d5fd9ea5283cee720a5,Acolo nu e \ 't produs în stoc suficient.
appupdatecartquantity_0d38c90d843c787c0be14f790998210c,Trebuie să adăugați% cantitate minimă d
appupdatecartquantity_de10fc28511b894f704c1a67fcff7b4f,Aveți deja cantitatea maximă disponibilă pentru acest produs.
appupdatecartquantity_14d4a4be033fb0076188581e0ab67808,Produs actualizat cu succes
appupdatecartquantity_ce395fa164eff74838bd51a583fb3b65,Nici o schimbare găsit în cantitate.
appupdateprofile_7ffc7db3c8072a468937761b9fa9583c,Nume nevalid.
appupdateprofile_5226b39ad81c6d482af27920b0d532ae,Nume nevalid.
appupdateprofile_54084a1c09c68221979d134e9613ef84,Parola pe care a-ti introdus-o este incorecta.
appupdateprofile_f02a41f3e448d379e3c06d39bd3cc4de,Parola și confirmarea acesteia nu se potrivesc.
appupdateprofile_626295ee4555407394df3e9998e1fc19,Parolă Invalidă
appupdateprofile_c1e500b0e2c09aa39a86bb1a5ea129ca,Informații personale actualizate cu succes.
appupdateprofile_4a26ddbc1e75f300f27d3ba1f36fcb63,Informațiile nu pot fi actualizate.
appupdateprofile_c56f8985cdec11f87c16beebf6a58b62,Informațiile personale lipsesc.
appupdateprofile_b65db11517e70558e870ea4bc6dfbf0e,Clienți cu acest e-mail nu este exista.
appupdateprofile_0e042db7a9a38d0d1c833dd4c141d77d,Adresa de e-mail lipsește sau este nevalid.
appgetaddressform_ae7bdef7fe2bbbbf02c11e92c5fceb40,Adresa mea
appgetcartdetails_362dec2f2247134cd9d3cefbcb1c9a6e,Costul suplimentar al
appgetfilters_9e2941b3c81256fac10392aaca4ccfde,Condiție
appgetfilters_c0bd7654d5b278e65f21cf4e9153fdb4,Producător
appgetfilters_3601146c4e948c32b6424d2c0a7f0118,Preț
appgetorderdetails_694e8d1f2ee056f98ee488bdc4982d73,Cantitate
appgetorderdetails_6665e3761028c84e1d228de3432229ed,SKU
appgetorderdetails_9dffbf69ffba8bc38bc4e01abf4b1675,Text
appgetorderdetails_b0f79042ac83c64f3ccc42268c8ade26,Produse total
appgetorderdetails_ada0f55ef37f4928c5cd970f378c15e8,total de tichete
appgetorderdetails_7c166105b10b8a6a0c0f1c6540f5cd5e,ambalaj total cadou
appgetorderdetails_f4e8b53a114e5a17d051ab84d326cae5,Transport total
appgetorderdetails_f3547ae5e06426d87312eff7dda775aa,Pretul total
appgetsellerproducts_26380f3c8aeeb67ff17d9f961e09e045,Vanzatorul ID-ul lipsește
appgetsellerproducts_a5d37da2d02dcb1893938c19016a3834,Vanzatorul nu a fost găsit
appgetsellerproducts_b1c94ca2fbc3e78fc30069c8d0f01680,Toate
appgetsellerproducts_49ee3087348e8d44e1feda1917443987,Nume
appgetsellerproducts_3601146c4e948c32b6424d2c0a7f0118,Preț
appgetsellerproducts_0c43922c2fd0b2886820ce8d59d0a425,A-Z
appgetsellerproducts_b45a57134da0f07ba49d5b99713855fa,Z-A
appgetsellerproducts_6b26ffddeab191d3a45e641f47ff780c,Scăzut la ridicat
appgetsellerproducts_4bc0df4deaccf71b305d791e1e3b6f76,Ridicat la scăzut
appgetsellerreviews_26380f3c8aeeb67ff17d9f961e09e045,Vanzatorul ID-ul lipsește
appgetsellerreviews_a5d37da2d02dcb1893938c19016a3834,Vanzatorul nu a fost găsit
appgetsellers_4c555a8b12ac7069095ae1dd3bf43c7e,Nu sunt menționate
appsavesellerreview_26380f3c8aeeb67ff17d9f961e09e045,Vanzatorul ID-ul lipsește
appsavesellerreview_a5d37da2d02dcb1893938c19016a3834,Vanzatorul nu a fost găsit
appsavesellerreview_b494ce60923c04e8e4c91b0d47177d95,Logare ceruta
appsavesellerreview_ffb5972c963f37cdc76e79c8ab636e74,Nu este în măsură să-și prezinte recenzia. Titlu sau un comentariu lipsește.
appsavesellerreview_ed24e2b88b32983fb74e58cbc7e02038,Nu se poate salva revizuirea ca opțiune este dezactivată de administrator
appsavesellerreview_dfcf16c470a033996c2d1b56340dc2d7,Recenzia a fost trimisă cu succes și prezentate altora, după obținerea aprobării de la magazin.
appsavesellerreview_63ef1b9280784b89d4476f66396fc5dd,Recenzia dvs. a fost trimis cu succes.
appsavesellerreview_b4d8c9132ae2d46618be30173e75b6ef,Chiar acum, sistemul nu putea trimite comentariul tau. Vă rugăm să încercați din nou mai târziu
contact-form_bbaff12800505b22a853e8b7f4eb6a22,a lua legatura
contact-form_2273d1167a6212812d95dc8fadbae78e,Serviciu clienți
contact-form_d754a9e8cb640da12849a040f3ca8176,Răspunsul tău
contact-form_02d4482d332e1aef3437cd61c9bcc624,Contactează-ne
contact-form_4ec1c39345fe8820d68463eea8803b0f,Mesajul a fost trimis cu succes la echipa noastră.
contact-form_7c9d4636fc5ed97bb78bc2aac486beab,Mesajul dvs. a fost deja trimis.
contact-form_b3e4d8d61f99bac80e6aa1774d73445b,Trimite un mesaj
contact-form_6c27c08f40e1b0d9901deb9ff5f722f7,Subiect Titlu
contact-form_7bc873cba11f035df692c3549366c722,- Alegeti -
contact-form_b357b524e740bc85b9790a0712d84a30,Adresa de email
contact-form_5d4710f9a8250b13164a82c94d5b00d1,Comandă
contact-form_deb10517653c255364175796ace3553f,Produs
contact-form_13d6078da2e6592822ede083931d6826,Ataseaza fisier
contact-form_4c2a8fe7eaf24721cc7a9f0175115bd4,Mesaj
contact-form_94966d90747b97d1f0f206c98a8b1ac3,Trimite
contact-form_f787618e514c038851726224d7e4421e,Niciun fisier selectat
contact-form_e635032a5f71d809146d3872389f5b0c,Alege fișierul
order-opc_a40cab5994f36d4c48103a22ca082e8f,Coșul tău de cumpărături
order-opc_78fa1019f9a9759b45c76e186393756f,Noua comandă nu a fost acceptată.
order-opc_879f6b8877752685a966564d072f498f,Cosul de cumparaturi este gol.
order-opc_1f87346a16cf80c372065de3c54c86d9,(taxe incluse.)
order-opc_21034ae6d01a83e702839a72ba8a77b0,(fără taxe)
order-opc_ea295188b69aa5e04810abcc38b2b2be,a fost selectat
order-opc_9504d494016e17a6de7e7b51da637bc4,Nr operator de transport a fost selectat
order-opc_238a062a6a2543fd85d6616a8506fbe8,Nu suport este necesar pentru această comandă
order-opc_2e75f367f058646a1ba2fd01ceb74423,Nu aveți nevoie să acceptați Termenii de serviciu pentru această comandă.
order-opc_d236af51d8eac54fe7c366af1f6b358c,Termenii de serviciu au fost acceptate
order-opc_25d8efaba32cb44a922a727f20eaa002,Termenii de servicii nu au fost acceptate
order-opc_4ce81305b7edb043d0a7a5c75cab17d0,Există
order-opc_fe816ec4b30c11a39edfd8b0a4cfab49,Error (s)
order-opc_af0f5bdc5be121b9307687aeeae38c17,Adresă de livrare
order-opc_601d8c4b9f72fc1862013c19b677a499,Adresa de facturare
order-opc_449374f661344e843453c4e189ddeed8,Modificați adresa mea
order-opc_d87f73e8ff8d933ed2ba5ddf25040827,Instant Checkout
order-opc_ad52144224a9fb9e04b8b9ef22ce36f7,Va rugam sa incepeti prin a alege o adresa.
order-opc_b24ce0cd392a5b0b8dedc66c25213594,Liber
order-opc_da9d6ec2998a07c31ec9eb93c9f254ed,Adresa de facturare
order-opc_8a8c9edb5531fa2f822295d1830d090f,adresa dumneavoastră livrare
order-opc_06933067aafd48425d67bcb01bba5cb6,Actualizați
app_text_category_products,Categorie
app_text_demo_app_user_form,Vă rugăm să completați detaliile!
app_text_full_name_demo_app_user,Numele dumneavoastră*
app_text_email_demo_app_user,E-mail*
app_text_store_url_demo_app_user,Url-ul magazinului dvs. *
app_text_continue_demo_app_user_form,Continua
app_text_invalid_url,A se păstra URL nevalid!
app_text_invalid_email,E-mail invalid!
app_text_search,Căutare
app_text_shopping_bag,Punga de cumparaturi
app_text_check_out,Verifică
app_text_no_internet,Problema cu internetul
app_text_product_image_viewer,Produs Image Viewer
app_text_payment_methods,Metode de plata
app_text_wishlist,lista de dorințe
app_text_seller_comments,Vânzător Comentariu (s)
app_text_home,Acasă
app_text_category,Categorii
app_text_login,Autentificare
app_text_logout,Deconectare
app_text_login_signup,Log In / Înregistrare
app_text_account,Contul meu
app_text_contact,Contactează-ne
app_text_about,Despre noi
app_text_add_to_wishlist,Adaugă la lista de dorințe
app_text_add_to_cart,Adaugă în coș
app_text_off,de pe
app_text_all,Toate
app_text_languages,Limba (i)
app_text_sort,Fel
app_text_filter,Filtru
app_text_sort_order,Selectați comanda Sortare
app_text_price_asce,Pret: Mic la Mare
app_text_price_desc,Pret: Mare la Mic
app_text_product,Produs
app_text_select,Selectați
app_text_instock,In stoc
app_text_outstock,Stoc epuizat
app_text_product_info,Informatii despre produs și îngrijire
app_text_customization,Personalizare produs
app_text_accessories,Accesorii
app_text_view_less,Mai puține
app_text_view_more,Vezi mai mult
app_text_provide_details,Vă rugăm să furnizați detalii
app_text_bag,Punga de cumparaturi
app_text_apply_voucher,Se aplică Voucher
app_text_entry_voucher_code,Introduceti codul voucher-ului
app_text_apply,aplica
app_text_gift,Ambalaj pentru cadouri
app_text_entry_message,Introduceți mesajul
app_text_available_first,Trimite produse disponibile mai întâi
app_text_continue_shopping,Continua cumparaturile
app_text_continue_checkout,Deplasare la Checkout
app_text_update_quantity,Actualizare Cantitate
app_text_enter_quantity,Introdu cantitatea
app_text_empty_cart,Coșul de cumpărături de transport maritim este gol!
app_text_goto_home,Mergi la pagina principală, mergi la pagina de început
app_text_review_your_order,Verifica-ti comanda
app_text_add_new_shipping_address,Adăugați o nouă adresă
app_text_history,Transport Detalii
app_text_summary,Comanda Rezumat
app_text_shipping_methods,Metode de expediere
app_text_comment,Comanda Comentariu
app_text_payment_summary,Sumarul platii
app_text_proceed,Finalizați plata
app_text_make_payment,Plateste
app_text_congratulations,Felicitări
app_text_addresses,Adresa (e)
app_text_order_detail,Detaliile comenzii
app_text_update_personal,Actualizare Detalii personale
app_text_update_password,Actualizare parolă
app_text_current_password,Parola actuală
app_text_new_password,Parolă Nouă
app_text_confirm_password,Confirmă parola
app_text_cancel,Anulare
app_text_save,Salvați
app_text_order_ref,Comandă
app_text_status,stare
app_text_placed,Pus pe
app_text_reorder,reordonarea
app_text_order_details,Comanda Detalii
app_text_status_history,Istoric Statut
app_text_shipping_address,Adresa de transport
app_text_order_summary,Comanda Rezumat
app_text_shipping_method,Metodă de livrare
app_text_payment_method,Modalitate de plată
app_text_gift_wrapping,Impachetarea cadourilor
app_text_no_shipping_address,Nicio adresă de expediere disponibilă!
app_text_no_order_details,Detalii disponibile Nici un ordin!
app_text_signup,Inscrie-te
app_text_continue_guest,Continuă ca invitat
app_text_email,E-mail
app_text_password,Parola
app_text_forgot_password,Ați uitat parola
app_text_login_social_account,Vă puteți conecta cu contul socială.
app_text_login_with_google,Autentifică-te cu Google+
app_text_login_with_facebook,Logheaza-te cu Facebook
app_text_signup_with_google,Inregistreaza-te cu Google+
app_text_signup_with_facebook,Înregistrează-te cu Facebook
app_text_msg_enter_valid_email,Vă rugăm să introduceți e-mail validă!
app_text_msg_enter_email,Vă rugăm să introduceți adresa de email!
app_text_msg_enter_password,Te rog introdu parola!
app_text_msg_password_characters_less_than_3,Vă rugăm să introduceți parola cu mai multe caractere care sau egal cu 3!
app_text_msg_first_name,Nume
app_text_msg_last_name,Numele de familie
app_text_msg_dob,Data de nastere
app_text_msg_confirm_password,Confirmă parola
app_text_msg_personal_details,Detalii personale
app_text_msg_pass_not_matched,Parola și parola de confirmare nu corespund!
app_text_sold_by,Vandut de:
app_text_write_review,Scrie o recenzie
app_text_view_review,Vezi Review (s)
app_text_view_seller_products,Vezi Vanzatorul Produs (e)
app_text_wait,Te rog asteapta
app_text_loading,Încărcare date...
app_text_msg_went_wrong,Ceva n-a mers bine. Vă rugăm să încercați din nou.
app_text_msg_no_internet_found,Nu există nicio conexiune la internet găsit.
app_text_msg_no_internet_title,Fara Internet
app_text_msg_request,Solicitarea nu poate fi proces. Acest lucru ar putea fi din cauza conexiune lentă la internet.
app_text_msg_order_placed_email,Comanda a fost plasată successfully.You va primi un e-mail cu privire la același lucru.
app_text_msg_product_look,Poti sa te uiti pentru produsul (e) de categoria lor.
app_text_msg_search_product,Puteți căuta orice produs în magazin prin text sau voce!
app_text_msg_view_cart,Puteți vizualiza coșul de cumpărături cu cantitate!
app_text_msg_logout,Sunteți cu succes logout!
app_text_msg_view_product,Puteți vizualiza produsul în listă sau în modul grilă!
app_text_msg_sort_product,Puteți sorta produs după preț lor!
app_text_msg_filter_product,Puteți filtra produs (e) ca pe nevoia ta!
app_text_text_next,Următor →
app_text_text_okay,bine
app_text_required,Necesar
app_text_msg_rating,Vă rugăm să selectați de rating
app_text_msg_add_cart,Puteți adăuga produsul în coș de cumpărături prin simpla apăsare pe butonul \ „Adauga in cos \“!
app_text_msg_add_wishlist,Puteți adăuga produsul în lista de dorințe prin simpla apăsare pe butonul \ „Adaugă în lista de dorințe \“!
app_text_msg_product_price,Prețul produsului a fost actualizat!
app_text_msg_product_not_available,Acest produs nu este disponibil pentru comanda!
app_text_msg_combination,Această combinație nu există pentru acest produs. Vă rugăm să selectați o altă combinație.
app_text_msg_product_no_stock,Acest produs nu este disponibil în cantitatea dorită sau nu în stoc!
app_text_msg_out_stock,Unele dintre produsele din coș nu sunt disponibile în cantitatea dorită sau nu în stoc. Vă rugăm să eliminați astfel de produs (e) din coș!
app_text_msg_checkout_products,Puteți checkout produse în coșul de cumpărături al pur și simplu clic pe butonul „Continuați cu Google Checkout“.
app_text_msg_apply_voucher,Puteți aplica voucher în coș!
app_text_msg_update_quantity,Puteți actualiza cantitatea de produs sau elimina din coșul de cumpărături al!
app_text_msg_view_details,Puteți vedea detaliile produsului, făcând clic pe imaginea produsului!
app_text_msg_success,Succes!
app_text_msg_failure,Nerespectarea!
app_text_msg_enter_quantity,Vă rugăm să introduceți cantitatea
app_text_quantity,Cantitate
app_text_remove,Elimina
app_text_customization_details,Personalizare Detalii
app_text_msg_add_address,Puteți adăuga o nouă adresă de expediere, făcând clic pe butonul!
app_text_msg_update_address,Puteți actualiza adresa de expediere!
app_text_msg_select_address,Puteți selecta orice adresă de expediere prin simpla clic pe ea!
app_text_select_address_text,* Vă rugăm să selectați adresa de expediere pentru a revizui comanda.
app_text_msg_no_product,Nu sunt produse disponibile!
app_text_msg_no_comment_available,Nici un comentariu (e) disponibilă!
app_text_msg_reset_password,Puteți reseta parola făcând clic `Uita Password`
app_text_msg_login,Vă puteți conecta în magazin de aici!
app_text_msg_login_fb,De asemenea, puteți conecta în magazin din contul dvs. Facebook!
app_text_msg_login_google,De asemenea, puteți conecta în magazin din contul dvs. Google!
app_text_msg_update_profile,Puteți actualiza detaliile de profil, detalii de transport maritim sau pentru a vedea detaliile comenzii de aici!
app_text_product_info_and_care,Informatii despre produs și îngrijire
app_text_download,Descarca
app_text_minimal_quantity,Cantitatea minimă
app_text_seller_details,Detaliile vanzatorului
app_text_pack_content,Conținut de ambalaj
app_text_submit,Trimite
app_text_msg_forget_password,Introdu adresa de e-mail asociată contului. Faceți clic pe submit pentru a avea parola de e-mail pentru a vă.
app_text_enter_your_email,Introduceți adresa dvs. de email
app_text_reset_password,Reseteaza parola
app_text_view_selected_filter,Puteți vizualiza rezultatul dvs. filtru selectat, făcând clic pe această imagine!
app_text_clear_selected_filter,Puteți șterge filtrul aplicat, făcând clic pe această imagine!
app_text_no_filter,Nu există filtre
app_text_phone_number_required,* Trebuie să se înregistreze cel puțin un număr de telefon
app_text_refresh,Reîmprospăta
app_text_internet_connection_failed,Conexiune internet a eșuat!
app_text_internet_connection_problem,Ar putea exista unele probleme cu conexiunea la internet. Te rog verifica.
app_text_cancel_transaction,Anulare tranzacție
app_text_middle_of_payment,Sunteți în mijlocul procesului de tranzacție de plată. Doriți într-adevăr anulați tranzacția?
app_text_yes,da
app_text_no,Nu
app_text_enter_your_comment,Introdu comentariul tău
app_text_msg_shipping_methods_unavailable,Pentru unele produse (e), metodele de expediere nu sunt disponibile. Vă rugăm să eliminați un astfel de produs (e) din
app_text_msg_select_shipping_methods,Vă rugăm să selectați metoda de transport maritim
youtube_api_key,AIzaSyA1UXXtMmvYcsJpcUMCXRENdi_gDYXPpe0
server_not_found,Serverul nu a fost gasit
authorization_error,Eroare de autorizare
check_internet_connection,Conexiune de rețea Error.Please verificați conexiunea la internet
parse_error,Eroare de analiză în API
app_text_share_log,Spune-le prietenilor Jurnal
app_text_payment_failed_contact_support,Comanda dvs. nu a putut fi procesată. suport de contact cu amabilitate pentru orice întrebări
app_text_choose_payment_method,Alege metoda de plata
app_text_no_payment_method,Nici o plată Metoda (e) S-au găsit!
app_text_no_payment_currently,Nu există nici o metodă de plată în prezent.
app_text_no_make_payment,Ai castigat \ 't să fie în măsură să facă plata ca acest App mobil este de configurare pentru demo scop.
app_text_make_payment_after_select,Puteți efectua plata după selectarea orice metodă de plată!
app_text_title_paypal_payment,PayPal Plata
app_text_order_total_price,Comanda Preț total
app_text_user_cancelled_the_payment,Utilizatorul a anulat plata
app_text_invalid_payment_try_again,plată nevalid. încercați din nou cu amabilitate
app_text_wishlist_item_removed,Articolul a fost eliminat din lista de dorințe.
app_text_wishlist_item_added,Articolul a fost adăugat în lista de dorințe
app_text_subject,Hei Verificați asta!
app_text_text_extra_share,Disponibil aici :
app_text_share_intent_title,Acțiune
app_text_error_product_name_url,Numele produsului sau URL-ul poate fi gol.
app_text_tag_error,Eroare
app_text_view_your_store,Vezi un magazin?
app_text_view_demo,Demonstrația
app_text_currency,Moneda (e)
app_text_same_as_shipping_details,La fel ca adresa de expediere
app_text_billing_details,detalii de facturare
app_text_shipping_addresses,Expediții Adresa (e)
app_text_billing_addresses,Adresa de facturare (s)
app_text_billing_address,Adresa De Facturare
app_text_sellers,Vânzători
app_text_seller,Vânzător
app_text_seller_shipping_policy,Politică de livrare
app_text_seller_return_policy,Politica de returnare
app_text_review_title,Titlu *
app_text_review_comment,Cometariu *
app_text_review_rating,Rating-ul *
app_text_filter_products,Filtrul Produs (e)
app_text_select_category,selecteaza categoria
app_text_select_sort,Selectați Sortare
app_text_clear,clar
app_text_edit,Editați | ×
app_text_cart,Cart
app_text_move_to_cart,Mutați în coș
app_text_no_shipping_method_available,Nici Metoda de expediere disponibilă
app_text_module_not_installed,Vă rugăm să contactați administratorul site-ului pentru a vizualiza datele de pe această pagină.
app_text_no_data_found,Nu s-au gasit date!
app_text_enter_coupon_code,Introdu codul cuponului
app_text_apply_coupon,Aplicare cupon
app_text_add_more_in_cart,Adăugați mai mult în coș la loc această comandă
app_text_shipping_details,Transport Detalii
app_text_choose_app_theme,Alegeți App Tema
app_text_enter_store_url,Introduceți URL-ul magazinului dvs.
app_text_sample_store_url,Ex: http://your_store.com/
app_text_downloads,Descărcări
app_text_done,Terminat
app_text_posted_on,Postat pe:
app_text_commented_by,Comentată de:
app_text_seller_comment,Cometariu:
app_text_open,Deschis
app_text_order_status,Deschis
app_text_special_products,Produse speciale
app_text_product_information,Informații despre produs
app_text_featured_products,Produse Recomandate
app_text_requested_gift_order,Ați solicitat ambalaj cadou pentru această comandă
app_text_step_one_of_three,pasul 1/3
app_text_review_checkout,Revizuirea Checkout
app_text_your_wishlist_is_empty,Lista de dorințe este gol!
app_text_no_shipping_method,Nici Metoda de expediere disponibilă
app_text_no_order_found,Nici un ordin găsit!
app_text_percent_off,% off
app_text_coupon_length_validation,caractere cod cupon trebuie să fie mai mare sau egal cu 4.
app_text_coupon_code_removed,reducere cupon a fost eliminat cu succes!
app_text_facebook_login_cancelled,Facebook Login a fost anulată.
app_text_facebook_login_failure,Facebook Login Nerespectarea:
app_text_login_failed,Autentificare esuata!
app_text_wrong_url_install_mab,S-ar putea fi introdus o adresă URL greșită sau nu ați instalat mobil modulul nostru de constructor App.
app_text_install_module,Instalați modulul
app_text_text_loading,Se încarcă
app_text_text_exception,Excepție:
app_text_msg_reset_password_click,Puteți reseta parola făcând clic \ „Ai uitat parola \“!
app_text_login_from_here,Vă puteți conecta în magazin de aici!
app_text_login_from_facebook_account,De asemenea, puteți conecta în magazin din contul dvs. Facebook!
app_text_login_from_google_account,De asemenea, puteți conecta în magazin din contul dvs. Google!
app_text_text_warning,Avertizare!
app_text_update_address_if_exists,Vă puteți actualiza adresa de expediere sau de a alege orice altă adresă, dacă există!
app_text_continue_to_checkout_click_msg,Puteți checkout produse în coșul de cumpărături al pur și simplu clic pe butonul \ 'Deplasare la
#VALUE!
#VALUE!
app_text_please_enter_store_url,Vă rugăm să introduceți adresa URL a magazinului
app_text_product_not_desired_quantity,Unele dintre produsele din coș nu sunt disponibile în cantitatea dorită sau nu în stoc. Vă rog
#VALUE!
#VALUE!
app_text_select_shipping_methods,Selectați metoda de expediere (e)
app_text_send_email,Trimite email...
app_text_error_in_google_sign_in,Unele eroare în Google login.Please încercați din nou.
app_text_process_payment_problem,A apărut o eroare în timpul procesării plății. Vă rugăm să încercați din nou.
app_text_text_state,Stat
app_text_update_address,actualizarea adresei
app_text_unit_price,Preț unitar
app_text_total_price,Pretul total
app_text_text_totals,totaluri
app_text_text_success,Succes!
app_text_sale,Vânzare
app_text_new,Nou
app_text_title_payment_paypal,PayPal Plata
app_text_extra_share,Disponibil aici :
app_text_intent_title,Acțiune
app_text_ok,O.K
app_text_choose_your_app_theme,Alegeți App Tema
app_text_terms_and_conditions,Termeni si conditii de utilizare
app_text_wishlist_only,lista de dorințe
app_text_wishlist_remove,Eliminați din lista de dorințe
app_text_state_not_required,Statul nu este necesar pentru țara selectată
app_text_currencies,Moneda (e)
app_text_payment_failed,A apărut o eroare în timpul procesării plății. încercați din nou cu amabilitate
app_text_entered_wrong_url,S-ar putea fi introdus o adresă URL greșită sau nu ați instalat mobil bodule nostru constructor app.
app_text_choose_your_app_theme,Alegeți App Tema
app_text_fill_all_required_fields,Vă rugăm să completați toate câmpurile obligatorii.
appgetwishlist_694e8d1f2ee056f98ee488bdc4982d73,Cantitate
appgetwishlist_6665e3761028c84e1d228de3432229ed,SKU
appgetwishlist_287234a1ff35a314b5b6bc4e5828e745,atribute
app_text_share_feedback,Feedback Share / cerere de modificare personalizată
app_text_install_whatsapp,WhatsApp nu este instalat pe dispozitiv
app_text_no_account_registered,Nr de cont este înregistrat pentru autentificare biometrică în acest dispozitiv. Vă rugăm să înregistrați un cont
#VALUE!
#VALUE!
app_text_confirm_for_authentication,Confirmați amprenta sau a feței pentru a te autentifica.
app_text_login_with_fingerprint,Autentificare cu amprentă digitală
app_text_register_for_fingerprint,Înregistrați-vă pentru amprentă digitală Autentificare
app_text_biometric_not_available,Autentificarea biometrică nu este disponibilă pentru acest dispozitiv.
app_text_fingerprint_not_recognized,Atingeți ID-ul nu recunoaște amprenta. Vă rugăm să încercați din nou cu amprenta înmatriculați.
app_text_face_not_recognizes,Face ID-ul nu recunoaște fața. Vă rugăm să încercați din nou cu fața înmatriculați.
app_text_fingerprint_or_face_not_enrolled,Nu amprentele digitale / feței înscriși în dispozitiv.
app_text_biometry_locked_out,Funcționalitatea este blocat acum, din cauza prea multe încercări nereușite.
app_text_register_for_fingerpring,Înregistrați-vă pentru amprentă digitală
app_text_register_for_fingerprint_details,Doriți să vă înregistrați acest cont pentru funcționalitatea de amprentă digitală. Odată ce ați făcut, vă puteți autentifica
#VALUE!
into this account without using email Id or password,doar folosind verificarea amprentelor digitale.“
app_text_register,Inregistreaza-te
app_text_verify,Verifica
app_text_get_otp,Obțineți OTP
app_text_mobile_number,Numar de mobil
app_text_mobile_number_optional,Număr de telefon mobil (opțional)
app_text_error_number_verification,Numărul de mobil nu a putut fi verificat! Vă rugăm încercați din nou cu numărul corect OTP!
app_text_phone_number_already_exists,Numărul de telefon este deja înregistrat. Vă rugăm să încercați din nou cu un alt număr de telefon!
app_text_number_verification,Numărul de verificare
app_text_number_verification_description,Trebuie să confirmați numărul de telefon. Vă rugăm să introduceți numărul de telefon și trimite
app_text_login_with_phone_number,Conectare cu număr de telefon
app_text_fingerprint_not_available,? Autentificare cu amprentă digitală nu este disponibilă în acest aparat!
app_text_fingerprint_not_enrolled,? Nu există amprente înregistrate în dispozitiv.
app_text_android_marshmallow_required,? Atleast Android Marshmallow este necesară pentru autentificarea cu amprentă digitală suport.
app_text_fingerprint_error_try_again,? Există o eroare cu amprentă digitală. Vă rugăm să încercați din nou sau să continue fără amprentă digitală!
app_text_fingerprint_wipe_sensor_try_again,? S-ar putea fi unele praf de pe senzorul de amprentă digitală. Vă rugăm să-l ștergeți și încercați din nou.
app_text_place_your_finger_on_sensor,? Puneți degetul pe senzor pentru a continua
app_text_please_login,Va rugam sa va logati
app_text_book_now,Rezerva acum
app_text_categories,Catgeories
app_text_check_in,Verifica
app_text_booking_check_out,Verifică
app_text_allowed_guest,permis de oaspeți
app_text_maximum_allowed_adult,Adult maximă permisă
app_text_maximum_allowed_child,Copil maxim permis
app_text_other_information,Alte informații
app_text_room_type,Tipul camerei
app_text_room_category,Cameră Categorie
app_text_room_facilities,Facilități în cameră
app_text_price_rule_applicable,Preț Regula
app_text_time_Slot,Interval de timp
app_text_appointment,Programare
app_text_booking_selected_date_validation_message,Data selectată trebuie să fie între aceste date
app_text_book,carte
appgetgdprdatainformation_f86e1ed0fcc5e8aa8de058e9fcf8e472,ADRESE
appgetgdprdatainformation_ab2fad6a9f7c58c2c0dabdb6c89213f1,COMENZI
appgetgdprdatainformation_b013fd4f0c4f80a1812c7a5ebd00bd80,INFORMATIE PERSONALA
appgetgdprdatainformation_88183b946cc5f0e8c96b2e66e1c74a7e,Necunoscut
appgetgdprdatainformation_93cba07454f06a4a960172bbd6e2a435,da
appgetgdprdatainformation_bafd7322c6e97d25b6299b5d6fe8920b,Nu
appgetgdprdatainformation_a00acc9b49d721d1e3006715a0ce7014,Adresa de email nu este validă
appgetgdprdatainformation_dcf951059ca444f87d296d3b192783e6,Clienți cu acest e-mail nu exista
appdeletegdpruserdata_511a8014fbf25d84cb3c7c814c2b5483,Solicitarea dvs. GDPR ștergerea contului a fost înregistrat.
appdeletegdpruserdata_6efac012955cefa735d14dda916613aa,Clientul a solicitat pentru GDPR Cerere Delete
appdeletegdpruserdata_a00acc9b49d721d1e3006715a0ce7014,Adresa de email nu este validă
appdeletegdpruserdata_dcf951059ca444f87d296d3b192783e6,Clienți cu acest e-mail nu exista
app_text_gdpr_download_completed,Descărcare finalizată
app_text_gdpr_downloading,Descărcarea
app_text_gdpr_deleting,Ștergerea
app_text_gdpr_deleted_successfully,șters cu succes
app_text_delete_gdpr_confirm,Sunteți sigur că doriți să ștergeți GDPR?
app_text_gdpr_terms_and_conditions,Sunt de acord cu Termenii și condițiile
app_text_gdpr_please_select_terms_and_conditions,Vă rugăm să selectați Termeni și condiții
app_text_clickable_terms_and_conditions,Termeni si conditii
app_text_gdpr,GDPR
app_text_gdpr_data,Ia-GDPR date
app_text_delete_gdpr_data,Ștergeți GDPR de date
app_text_en,Engleză
app_text_fr,limba franceza
app_text_it,Italia
app_text_es,Spaniolă
app_text_select_store,Selectați Magazin
appgetproductreviews_04ed5396be771c71ecc89b3beb627684,ID-ul produsului lipseste
appgetproductreviews_dfbe69c6d9568ecb0e65e7b32ed92a3a,Produsul nu a fost găsit
appsaveproductreview_04ed5396be771c71ecc89b3beb627684,ID-ul produsului lipseste
appsaveproductreview_7b0bf23ae4079e07a3a4cb4d07e2caef,Titlul este incorect
appsaveproductreview_ff61313e7f090210936803bf11b99d66,Conținutul este incorect
appsaveproductreview_d0b566215a7d2832a71fa7ba92c4af52,Numele clientului este incorect
appsaveproductreview_2bfbf82ebfcb2d801a9dc4a29c3691c4,Trebuie să dea o mai mare de rating decât
appsaveproductreview_dfbe69c6d9568ecb0e65e7b32ed92a3a,Produsul nu a fost găsit
appsaveproductreview_26510b8eb6e6053f5e91d51171967ca9,Trebuie să fiți conectat pentru a trimite un comentariu
appsaveproductreview_a201fbadca94d310a1b62407cdc775d5,Trebuie să dea un rating
app_text_related_products,produse asemanatoare
app_text_view_reviews,Vezi Recenzii
app_text_write_reviews,comentarii Scrie
app_text_please_fill_all_details,Vă rugăm să completați toate detaliile
app_text_close,Închide
app_text_add_review,Adauga opinie
app_text_write_a_review,Scrie o recenzie
app_text_nick,nick
app_text_title,Titlu
app_text_no_reviews,Nu există comentarii pentru produsul
app_text_number_of_reviews,Numărul de comentarii
app_text_minimum_rating,Vă rugăm să adăugați rating minim
app_text_error,Eroare
appaddtocart_633c9c12e2647252645966d6b9824f3a,Nu se poate adăuga mai multe produse de vânzător in cos
appaddtocart_aab566f5283414c864790338c8d3478a,Produsul solicitat nu se află în intervalul de
appgetcategorydetails_41568bcd589d0dd32ba4c0744d7e5dcb,Produse disponibile
appgethome_58fc1075544f0907c091693143738af5,In apropiere Produse
app_text_fill_the_text_field,Vă rugăm să completați câmpul de text
app_text_confirm,A confirma
app_text_location_name,Numele locatiei
app_text_enable_location,activaţi locația
app_text_pick_manually,Alegeți manual
app_text_select_location,Selectați locația
app_text_fill_location,Vă rugăm să selectați o locație
app_text_add_location,Adăugați Locația dvs.
app_text_message_set_location,set Locul de amplasare
app_text_select_location_to_continue,Vă rugăm să selectați locația pentru a continua.
app_text_adding,Se adaugă ...
app_text_msg_multiseller_error,Mutiseller produse nu pot fi adăugate în coș
app_text_msg_not_in_range,Produsul nu este disponibil în locația selectată.
app_hyperlocal_checkout_error,Următoarele produse nu sunt disponibile
app_text_get_current_location,Obțineți locația actuală
app_text_get_existing_addresses,Utilizați Adrese existente
app_text_location_not_found,Locația nu a fost găsită.
app_text_exit,Ieșire
app_text_location_not_fornt,Locația nu a fost găsită.